Date,Open,High,Low,Close,Volume
2024-08-14,1494,1507,1481,1495,19690
2024-08-16,1499,1551,1493,1544,101478
2024-08-19,1569,1569,1513,1516,35749
2024-08-20,1531,1553,1517,1527,20467
2024-08-21,1511,1530,1499,1499,31739
2024-08-22,1513,1519,1401,1482,69867
2024-08-23,1482,1484,1453,1456,48358
2024-08-26,1464,1471,1432,1466,67072
2024-08-27,1457,1508,1407,1498,64064
2024-08-28,1498,1534,1489,1513,68371
2024-08-29,1513,1513,1479,1480,41789
2024-08-30,1481,1510,1466,1484,31395
2024-09-02,1484,1499,1475,1488,10472
2024-09-03,1487,1499,1486,1492,7719
2024-09-04,1477,1477,1427,1433,30301
2024-09-05,1433,1455,1409,1423,47920
2024-09-06,1421,1422,1389,1400,33770
2024-09-09,1399,1427,1355,1421,19787
2024-09-10,1408,1456,1408,1419,21299
2024-09-11,1403,1433,1390,1408,18422
2024-09-12,1399,1460,1399,1459,73567
2024-09-13,1459,1475,1430,1441,30129
2024-09-19,1442,1465,1380,1432,14594
2024-09-20,1433,1460,1433,1443,15592
2024-09-23,1443,1460,1435,1447,15543
2024-09-24,1472,1473,1445,1470,44041
2024-09-25,1470,1488,1466,1474,65198
2024-09-26,1476,1503,1466,1490,90976
2024-09-27,1484,1497,1479,1487,13312
2024-09-30,1496,1501,1468,1468,18557
2024-10-02,1463,1486,1440,1460,21740
2024-10-04,1449,1478,1449,1460,22522
2024-10-07,1465,1475,1459,1461,22189
2024-10-08,1461,1469,1438,1468,14301
2024-10-10,1468,1476,1455,1462,30342
2024-10-11,1457,1475,1446,1470,26335
2024-10-14,1452,1476,1447,1476,31832
2024-10-15,1476,1494,1472,1477,27114
2024-10-16,1484,1488,1463,1478,48137
2024-10-17,1475,1484,1457,1476,24364
2024-10-18,1476,1480,1451,1463,27144
2024-10-21,1464,1478,1438,1452,90084
2024-10-22,1761,1887,1513,1518,11085720
2024-10-23,1548,1582,1446,1491,1356558
2024-10-24,1470,1477,1451,1454,403270
2024-10-25,1456,1469,1428,1433,212959
2024-10-28,1420,1447,1416,1438,105022
2024-10-29,1438,1441,1414,1417,138414
2024-10-30,1424,1431,1338,1396,203351
2024-10-31,1394,1394,1372,1386,83109
2024-11-01,1385,1385,1375,1384,61864
2024-11-04,1381,1415,1372,1407,59652
2024-11-05,1410,1426,1393,1409,64012
2024-11-06,1411,1426,1380,1387,88007
2024-11-07,1391,1421,1388,1406,48690
2024-11-08,1406,1424,1399,1406,54111
2024-11-11,1392,1406,1391,1396,50895
2024-11-12,1396,1396,1339,1348,68480
2024-11-13,1348,1387,1328,1380,104298
2024-11-14,1380,1388,1354,1357,33223
2024-11-15,1356,1414,1336,1389,52279
2024-11-18,1389,1390,1366,1383,39223
2024-11-19,1383,1399,1378,1385,44922
2024-11-20,1383,1387,1366,1379,31980
2024-11-21,1380,1391,1362,1373,15855
2024-11-22,1374,1377,1356,1373,78577
2024-11-25,1373,1440,1372,1373,38736
2024-11-26,1375,1389,1365,1376,27773
2024-11-27,1383,1383,1364,1374,30226
2024-11-28,1375,1379,1346,1359,51270
2024-11-29,1358,1373,1331,1333,103165
2024-12-02,1334,1394,1328,1339,54262
2024-12-03,1339,1368,1339,1351,50722
2024-12-04,1352,1370,1328,1349,148117
2024-12-05,1380,1427,1331,1331,175664
2024-12-06,1331,1338,1294,1309,86913
2024-12-09,1309,1309,1229,1237,96442
2024-12-10,1233,1289,1233,1279,50376
2024-12-11,1275,1350,1275,1325,101141
2024-12-12,1325,1354,1316,1322,66638
2024-12-13,1322,1351,1321,1341,74992
2024-12-16,1351,1360,1342,1347,59976
2024-12-17,1363,1363,1339,1353,86493
2024-12-18,1378,1415,1352,1366,119547
2024-12-19,1347,1366,1340,1345,42170
2024-12-20,1348,1353,1321,1329,49470
2024-12-23,1323,1351,1321,1351,59599
2024-12-24,1370,1756,1352,1451,7681796
2024-12-26,1427,1460,1413,1413,472300
2024-12-27,1408,1455,1395,1418,254394
2024-12-30,1406,1486,1405,1443,342897
2025-01-02,1470,1715,1470,1532,2120359
2025-01-03,1523,1553,1496,1553,223690
2025-01-06,1568,1573,1546,1555,158061
2025-01-07,1556,1586,1546,1547,151420
2025-01-08,1531,1559,1526,1535,73449
2025-01-09,1547,1579,1524,1577,104505
2025-01-10,1577,1711,1573,1607,761923
2025-01-13,1607,1607,1573,1573,92852
2025-01-14,1578,1605,1565,1569,64908
2025-01-15,1568,1588,1536,1537,86551
2025-01-16,1542,1603,1542,1580,62621
2025-01-17,1605,1605,1566,1588,64578
2025-01-20,1607,1607,1566,1568,65586
2025-01-21,1569,1599,1547,1553,59815
2025-01-22,1559,1588,1559,1567,62775
2025-01-23,1571,1576,1504,1511,136415
2025-01-24,1496,1541,1496,1521,78943
2025-01-31,1521,1522,1489,1509,83554
2025-02-03,1495,1495,1437,1455,133724
2025-02-04,1458,1492,1458,1475,40834
2025-02-05,1475,1527,1468,1513,66708
2025-02-06,1515,1536,1489,1497,44956
2025-02-07,1502,1517,1477,1508,27276
2025-02-10,1508,1517,1488,1512,36942
2025-02-11,1512,1523,1466,1473,128793
2025-02-12,1473,1491,1438,1450,89783
2025-02-13,1446,1478,1446,1478,51507
2025-02-14,1478,1489,1462,1479,51044
2025-02-17,1483,1484,1457,1465,73375
2025-02-18,1475,1483,1448,1460,95936
2025-02-19,1462,1479,1455,1475,202597
2025-02-20,1522,1538,1462,1475,148615
2025-02-21,1476,1489,1465,1485,94971
2025-02-24,1484,1494,1465,1486,80930
2025-02-25,1486,1493,1474,1489,84404
2025-02-26,1498,1531,1491,1499,62294
2025-02-27,1508,1513,1476,1487,76031
2025-02-28,1513,1513,1444,1451,139125
2025-03-04,1450,1450,1357,1381,120865
2025-03-05,1400,1419,1371,1408,92395
2025-03-06,1414,1435,1404,1430,67547
2025-03-07,1427,1430,1404,1424,22358
2025-03-10,1417,1424,1403,1414,31657
2025-03-11,1407,1418,1357,1413,15875
2025-03-12,1413,1427,1408,1421,12702
2025-03-13,1427,1427,1390,1401,35045
2025-03-14,1401,1423,1396,1406,6091
2025-03-17,1410,1428,1396,1408,21702
2025-03-18,1408,1425,1408,1413,39837
2025-03-19,1413,1426,1406,1414,15195
2025-03-20,1414,1425,1399,1413,36228
2025-03-21,1417,1417,1399,1404,51752
2025-03-24,1464,1464,1399,1411,43597
2025-03-25,1413,1432,1406,1414,19232
2025-03-26,1415,1425,1403,1408,21851
2025-03-27,1413,1413,1381,1390,36303
2025-03-28,1390,1390,1334,1346,49187
2025-03-31,1331,1346,1325,1342,18664
2025-04-01,1323,1384,1323,1384,29002
2025-04-02,1398,1398,1353,1361,15995
2025-04-03,1352,1360,1323,1330,58856
2025-04-04,1323,1371,1315,1351,38196
2025-04-07,1340,1340,1291,1291,52002
2025-04-08,1304,1323,1285,1298,46800
2025-04-09,1287,1298,1230,1230,49620
2025-04-10,1276,1299,1257,1288,81198
2025-04-11,1285,1323,1271,1323,54616
2025-04-14,1323,1348,1314,1343,15340
2025-04-15,1344,1360,1328,1343,24453
2025-04-16,1338,1354,1331,1342,26999
2025-04-17,1331,1371,1331,1371,13466
2025-04-18,1372,1379,1363,1373,18148
2025-04-21,1373,1379,1358,1373,16861
2025-04-22,1373,1408,1366,1394,36276
2025-04-23,1408,1408,1390,1404,19961
2025-04-24,1404,1428,1397,1415,32613
2025-04-25,1419,1430,1400,1427,35305
2025-04-28,1406,1438,1406,1414,17766
2025-04-29,1414,1427,1411,1425,4944
2025-04-30,1425,1431,1409,1415,17409
2025-05-02,1427,1427,1342,1414,37018
2025-05-07,1431,1431,1400,1409,28105
2025-05-08,1426,1426,1388,1408,24796
2025-05-09,1418,1418,1387,1392,25027
2025-05-12,1399,1416,1398,1403,22030
2025-05-13,1409,1423,1406,1414,25543
2025-05-14,1414,1422,1408,1421,36743
2025-05-15,1426,1427,1402,1405,41337
2025-05-16,1411,1411,1363,1381,97181
2025-05-19,1381,1390,1371,1387,9879
2025-05-20,1399,1402,1373,1376,21889
2025-05-21,1379,1394,1362,1373,28887
2025-05-22,1383,1383,1345,1380,19011
2025-05-23,1369,1393,1366,1379,11613
2025-05-26,1380,1385,1350,1382,24309
2025-05-27,1389,1389,1364,1373,69948
2025-05-28,1380,1380,1282,1360,127589
2025-05-29,1371,1371,1339,1359,53871
2025-05-30,1363,1364,1338,1353,57461
2025-06-02,1352,1360,1336,1336,27443
2025-06-04,1352,1356,1340,1350,72898
2025-06-05,1366,1366,1346,1354,26800
2025-06-09,1366,1366,1353,1363,27746
2025-06-10,1370,1371,1359,1366,31377
2025-06-11,1364,1390,1361,1380,122581
2025-06-12,1380,1387,1376,1385,70723
2025-06-13,1380,1385,1358,1364,59625
2025-06-16,1364,1375,1348,1363,50735
2025-06-17,1368,1379,1356,1371,35597
2025-06-18,1371,1378,1356,1372,23205
2025-06-19,1372,1372,1359,1366,18416
2025-06-20,1371,1375,1363,1372,27932
2025-06-23,1372,1372,1357,1366,28701
2025-06-24,1375,1383,1366,1378,69101
2025-06-25,1381,1390,1371,1382,34153
2025-06-26,1391,1408,1374,1382,25725
2025-06-27,1385,1408,1377,1388,30777
2025-06-30,1390,1404,1370,1375,51252
2025-07-01,1402,1402,1370,1375,18898
2025-07-02,1375,1380,1373,1378,40767
2025-07-03,1378,1392,1372,1379,22533
2025-07-04,1380,1389,1361,1366,30583
2025-07-07,1369,1375,1365,1366,30268
2025-07-08,1371,1371,1356,1369,28859
2025-07-09,1379,1382,1366,1371,56485
2025-07-10,1380,1380,1352,1371,35632
2025-07-11,1372,1379,1367,1373,39589
2025-07-14,1374,1380,1363,1373,47404
2025-07-15,1385,1385,1366,1378,52272
2025-07-16,1375,1457,1371,1410,258595
2025-07-17,1410,1415,1395,1408,46772
2025-07-18,1408,1417,1398,1407,61394
2025-07-21,1412,1420,1405,1418,46296
2025-07-22,1426,1426,1405,1409,41657
2025-07-23,1418,1418,1396,1408,48351
2025-07-24,1419,1423,1395,1401,48159
2025-07-25,1410,1410,1397,1397,86803
2025-07-28,1398,1417,1380,1384,43952
2025-07-29,1384,1388,1348,1370,18073
2025-07-30,1398,1399,1306,1373,121363
2025-07-31,1369,1393,1364,1393,20643
2025-08-01,1398,1398,1362,1376,24001
2025-08-04,1378,1394,1372,1384,19137
2025-08-05,1380,1401,1380,1391,11714
2025-08-06,1394,1446,1387,1414,64726
2025-08-07,1411,1430,1408,1423,55881
2025-08-08,1420,1430,1410,1420,36289
2025-08-11,1420,1424,1407,1422,35109
2025-08-12,1424,1429,1418,1421,52005
2025-08-13,1419,1422,1399,1418,59490
2025-08-14,1418,1426,1409,1417,20948
2025-08-18,1409,1409,1373,1392,42411
2025-08-19,1392,1392,1366,1382,30274
2025-08-20,1382,1382,1353,1376,30636
2025-08-21,1376,1380,1352,1360,89610
2025-08-22,1365,1376,1351,1368,53056
2025-08-25,1437,1437,1354,1371,46792
2025-08-26,1375,1380,1369,1374,8030
2025-08-27,1376,1382,1361,1376,7333
2025-08-28,1378,1399,1371,1377,12357
2025-08-29,1384,1384,1352,1369,19599
2025-09-01,1373,1377,1344,1355,23208
2025-09-02,1356,1369,1345,1355,19648
2025-09-03,1361,1366,1354,1361,20017
2025-09-04,1373,1373,1350,1360,33071
2025-09-05,1366,1384,1358,1358,17840
2025-09-08,1358,1366,1352,1358,18794
2025-09-09,1356,1365,1350,1365,54665
2025-09-10,1360,1371,1356,1366,27303
2025-09-11,1367,1373,1362,1369,24502
2025-09-12,1372,1382,1360,1369,41188
2025-09-15,1375,1375,1361,1370,26499
2025-09-16,1371,1389,1369,1373,43627
2025-09-17,1390,1397,1361,1373,36788
2025-09-18,1376,1377,1369,1373,23118
2025-09-19,1373,1373,1363,1363,39695
2025-09-22,1393,1434,1363,1372,132042
2025-09-23,1388,1388,1363,1372,25192
2025-09-24,1373,1374,1352,1362,52933
2025-09-25,1363,1367,1352,1357,17838
2025-09-26,1358,1358,1339,1345,83626
2025-09-29,1346,1427,1346,1356,68450
2025-09-30,1342,1355,1342,1350,18718
2025-10-01,1357,1357,1339,1347,18458
2025-10-02,1359,1359,1338,1351,27006
2025-10-10,1350,1351,1285,1334,79018
2025-10-13,1333,1333,1322,1328,24155
2025-10-14,1352,1352,1253,1304,81949
2025-10-15,1305,1322,1286,1312,71140
2025-10-16,1300,1323,1300,1307,43487
2025-10-17,1307,1315,1292,1299,35693
2025-10-20,1315,1315,1288,1304,32454
2025-10-21,1309,1319,1300,1314,27538
2025-10-22,1329,1336,1304,1313,42605
2025-10-23,1318,1353,1318,1321,33644
2025-10-24,1326,1352,1317,1320,26621
2025-10-27,1325,1325,1318,1322,43436
2025-10-28,1361,1371,1324,1328,122054
2025-10-29,1329,1341,1321,1328,76491
2025-10-30,1328,1369,1327,1339,113901
2025-10-31,1351,1356,1330,1343,82532
2025-11-03,1343,1357,1336,1345,68750
2025-11-04,1345,1345,1336,1345,51491
2025-11-05,1345,1345,1265,1328,46729
2025-11-06,1342,1342,1313,1334,31935
2025-11-07,1371,1371,1317,1326,26916
2025-11-10,1323,1332,1311,1327,117427
2025-11-11,1328,1333,1315,1326,27133
2025-11-12,1326,1332,1321,1327,23105
2025-11-13,1314,1330,1312,1322,54277
2025-11-14,1327,1327,1307,1318,25457
2025-11-17,1317,1328,1309,1319,20253
2025-11-18,1318,1318,1302,1305,17540
2025-11-19,1306,1321,1303,1319,26103
2025-11-20,1320,1323,1301,1314,15810
2025-11-21,1314,1317,1301,1314,10624
2025-11-24,1314,1314,1295,1299,25847
2025-11-25,1300,1306,1294,1295,14645
2025-11-26,1296,1303,1286,1302,9264
2025-11-27,1294,1309,1290,1306,21716
2025-11-28,1312,1333,1276,1321,55834
2025-12-01,1321,1333,1317,1328,52956
2025-12-02,1334,1350,1323,1334,57628
2025-12-03,1334,1347,1323,1339,38616
2025-12-04,1342,1447,1342,1427,549023
2025-12-05,1428,1428,1402,1411,196928
2025-12-08,1408,1548,1401,1460,800015
2025-12-09,1461,1568,1460,1537,493399
2025-12-10,1539,1546,1479,1498,145220
2025-12-11,1498,1522,1458,1473,124174
2025-12-12,1473,1483,1418,1426,122969
2025-12-15,1427,1481,1425,1474,156486
2025-12-16,1474,1489,1457,1464,90857
2025-12-17,1460,1491,1427,1484,111374
2025-12-18,1531,1929,1531,1929,2992025
2025-12-19,2439,2505,2411,2505,1558345
2025-12-22,3092,3257,2836,3257,4191715
2025-12-23,4231,4231,4231,4231,1170583
2025-12-24,5153,5494,3338,3716,31145021
2025-12-26,3962,4822,3924,4822,9479445
2025-12-29,6269,6269,6080,6269,1481815
2025-12-30,6269,6269,6269,6269,0
2026-01-02,6619,8141,5238,7423,40472454
2026-01-05,7877,8321,7007,7470,13148282
2026-01-06,8784,8964,7385,7990,14058543
2026-01-07,7990,7990,7990,7990,0
2026-01-08,9021,10382,8340,10382,19972610
2026-01-09,10543,13494,10449,11669,20164183
2026-01-12,11347,13191,11092,11763,11009886
2026-01-13,11763,11763,11763,11763,0
2026-01-14,12595,12907,10496,10874,7263053
2026-01-15,10874,12851,9513,11290,16012923
2026-01-16,11243,11791,10572,10761,5468990
2026-01-19,10761,11328,10193,10553,3862518
2026-01-20,10638,10865,9976,10203,2852030
2026-01-21,9768,9995,9144,9550,2933884
2026-01-22,9739,9768,8756,9002,2297208
2026-01-23,9068,9323,8141,8510,4129662
2026-01-26,8226,9267,7773,8945,6653204
2026-01-27,8189,9853,8132,8321,6776012
2026-01-28,8416,8605,7933,8217,2022372
2026-01-29,8255,8330,7990,8028,1256909
2026-01-30,8037,8226,7640,7914,1561862
2026-02-02,7914,7943,7375,7546,1257554
2026-02-03,7659,7829,7508,7583,931015
2026-02-04,7602,7777,7309,7432,991009
2026-02-05,7404,7404,7007,7186,900251
2026-02-06,7101,7101,6647,7054,817323
2026-02-09,7167,7952,6912,7366,4244224
2026-02-10,7517,8094,7366,8047,2863896
2026-02-11,8085,8132,7508,7631,1468481
2026-02-12,7631,7640,6988,7252,1334864
2026-02-13,7243,7309,6997,7054,684083
2026-02-19,6978,7158,6704,6808,954032
2026-02-20,6817,6884,6647,6666,647788
2026-02-23,6695,6893,6534,6751,882378
2026-02-24,6751,6799,6449,6676,632510
2026-02-25,6808,8671,6742,8671,12180307
2026-02-26,9002,9021,7489,7801,7919795
2026-02-27,7773,9711,7215,8661,20108442
2026-03-03,8444,8444,7479,7517,2716856
2026-03-04,7044,7271,6203,6411,1950215
2026-03-05,6959,7404,6874,7205,1381729
2026-03-06,7205,7517,6704,7167,836543
2026-03-09,6751,6874,6496,6713,522459
2026-03-10,7092,7139,6789,6903,605326
2026-03-11,7177,7839,7026,7234,1790212
2026-03-12,7234,7385,6997,7252,546191
2026-03-13,7092,7659,6903,7007,601835
2026-03-16,7007,7035,6647,6723,494360
2026-03-17,6997,6997,6761,6789,426553
2026-03-18,6884,6893,6657,6732,472318
2026-03-19,6685,6695,6430,6439,488004
2026-03-20,6468,6524,6354,6439,335232
2026-03-23,6430,6515,6080,6156,387015
2026-03-24,6401,6401,6052,6156,227641
2026-03-25,6203,6307,6099,6184,263010
2026-03-26,6241,6260,5673,5730,404085
2026-03-27,5579,5768,5541,5730,275301
2026-03-30,5541,5683,5352,5531,279604
2026-03-31,5484,5484,5115,5229,322885
2026-04-01,6080,6789,5692,5910,4906881
2026-04-02,6174,7583,6174,6316,7478618
2026-04-03,6855,7300,5995,6458,3524439
2026-04-06,6524,6808,6146,6241,1382052
2026-04-07,6250,6382,5758,5862,681483
2026-04-08,6080,6297,6042,6108,562355
2026-04-09,6222,6222,5919,5957,298471
2026-04-10,5976,6382,5957,5976,518481
2026-04-13,5957,5976,5598,5768,351543
2026-04-14,5929,6099,5891,5919,352371
2026-04-15,6089,7044,6004,6382,3130349
2026-04-16,6524,6609,6193,6326,919499
2026-04-17,6515,6515,6156,6316,404451
2026-04-20,6316,6382,6222,6231,331531
2026-04-21,6335,6335,6070,6146,351618
2026-04-22,6146,6146,5957,6033,225928
2026-04-23,6127,7508,6089,6685,8903067
2026-04-24,6477,6770,6241,6496,1613422
2026-04-27,6676,6874,6581,6780,1419931
2026-04-28,6950,7073,6609,6638,865283
2026-04-29,6638,6997,6449,6761,834473
2026-04-30,6988,7073,6591,6619,664439
2026-05-04,6685,6921,6619,6742,817904
2026-05-06,6751,6827,6411,6449,691406
2026-05-07,6449,6449,6156,6174,461219
2026-05-08,6184,8018,6184,8018,6991645
2026-05-11,7224,9078,6865,8000,22673897
2026-05-12,8236,10392,8085,10392,18594916
2026-05-13,11262,13144,10921,11706,41805111
2026-05-14,11914,12605,9654,9758,10602342
2026-05-15,9758,10070,8378,8520,4841284
2026-05-18,8520,8567,7754,8293,1885114
2026-05-19,8321,8378,7650,7867,1296906
2026-05-20,7706,7886,7460,7810,1364636
2026-05-21,8122,8983,7962,8453,6160016
2026-05-22,8453,8699,7867,8104,1542376
2026-05-26,8321,8501,7773,7829,1540862
2026-05-27,7895,7943,7130,7177,1246554
2026-05-28,7262,9078,7044,7442,9165689
2026-05-29,7489,8264,7054,7139,2357494
2026-06-01,7139,7309,6628,6742,1299005
2026-06-02,6742,6959,6330,6458,1129460
2026-06-04,6458,6676,6345,6449,431698
2026-06-05,6449,6524,6156,6373,498308
2026-06-08,5579,6316,5579,5872,797592
2026-06-09,6108,6174,5739,5919,395558
2026-06-10,5862,5881,5456,5541,396486
2026-06-11,5541,5607,5200,5588,401109
2026-06-12,5730,6052,5730,5787,660782
2026-06-15,6014,6193,5815,5862,388260
2026-06-16,5910,5985,5739,5862,280391
2026-06-17,5843,6099,5550,5881,422911
2026-06-18,5881,6004,5560,5617,249756
2026-06-19,5617,5635,5068,5191,387347
2026-06-22,5153,5276,4964,5068,241487
2026-06-23,4945,5106,4444,4553,453925
2026-06-24,4567,5910,4567,5910,5789226
2026-06-25,6269,7451,5049,5125,14367620
2026-06-26,5011,6241,4926,5304,8768487
2026-06-29,5352,5390,4822,5078,1297203
2026-06-30,5380,5579,4869,4964,874844
2026-07-01,4973,5333,4945,5040,999200
2026-07-02,4917,5011,4553,4728,571342
2026-07-03,4832,4832,4449,4718,419345
2026-07-06,4718,4784,4397,4491,306485
2026-07-07,4491,4491,4094,4226,290831
2026-07-08,4089,4293,3971,4085,241142
2026-07-09,4089,4189,3971,3985,256884
2026-07-10,4056,4917,4056,4496,1521845
2026-07-13,4453,4624,4146,4193,334879
2026-07-14,4075,4241,3976,4146,267348
2026-07-15,4198,4392,4198,4335,409689
2026-07-16,4302,4302,3877,4047,267709
2026-07-20,4009,4009,3725,3782,203450
2026-07-21,3673,4014,3593,3862,361728
2026-07-22,4113,4359,3962,3976,518762
2026-07-23,4094,4132,3829,4132,327789
2026-07-24,4127,4255,3886,4000,351069
2026-07-27,4100,4290,4000,4010,163278
2026-07-28,3900,3990,3595,3630,189307
2026-07-29,3650,3845,3240,3390,227517
2026-07-30,3300,3490,3240,3280,246179
2026-07-31,3550,3595,3425,3555,315322
2026-08-03,3555,3870,3515,3660,346846
2026-08-04,3685,3920,3685,3775,235282
2026-08-05,3910,4220,3885,4115,494901
2026-08-06,4160,4270,3955,4055,213538
2026-08-07,4120,4120,3865,4005,157489
2026-08-10,4060,4185,4010,4180,193102
2026-08-11,4180,4220,4050,4200,151962
2026-08-12,4200,4400,4110,4220,309860
2026-08-13,4225,4380,4200,4270,340228
2026-08-14,4275,4475,4200,4335,352047
