symbol,market,name,rsi_d,macd_d,signal_d,obv_d,signal_obv_d,market_cap,avg_trading_value_20d,today_trading_value,turnover,per,eps,cap_status,upper_closes,lower_closes,sector,rsi_d_2ago,rsi_d_1ago,rsi_d_latest,obv_latest,obv_1ago,signal_obv_latest,signal_obv_1ago,type,sector_trend,close,latest_close,latest_update,change_rate
,,,,,,,,,,,,,,,,,N/A,,,,,,,,short,N/A,,0.0,N/A,
,,,,,,,,,,,,,,,,,N/A,,,,,,,,short,N/A,,0.0,N/A,
,,,,,,,,,,,,,,,,,N/A,,,,,,,,short,N/A,,0.0,N/A,
,,,,,,,,,,,,,,,,,N/A,,,,,,,,short,N/A,,0.0,N/A,
,,,,,,,,,,,,,,,,,N/A,,,,,,,,short,N/A,,0.0,N/A,
,,,,,,,,,,,,,,,,,N/A,,,,,,,,short,N/A,,0.0,N/A,
,,,,,,,,,,,,,,,,,N/A,,,,,,,,short,N/A,,0.0,N/A,
,,,,,,,,,,,,,,,,,N/A,,,,,,,,short,N/A,,0.0,N/A,
,,,,,,,,,,,,,,,,,N/A,,,,,,,,short,N/A,,0.0,N/A,
,,,,,,,,,,,,,,,,,N/A,,,,,,,,short,N/A,,0.0,N/A,
,,,,,,,,,,,,,,,,,N/A,,,,,,,,short,N/A,,0.0,N/A,
,,,,,,,,,,,,,,,,,N/A,,,,,,,,short,N/A,,0.0,N/A,
,,,,,,,,,,,,,,,,,N/A,,,,,,,,short,N/A,,0.0,N/A,
,,,,,,,,,,,,,,,,,N/A,,,,,,,,short,N/A,,0.0,N/A,
,,,,,,,,,,,,,,,,,N/A,,,,,,,,short,N/A,,0.0,N/A,
,,,,,,,,,,,,,,,,,N/A,,,,,,,,short,N/A,,0.0,N/A,
,,,,,,,,,,,,,,,,,N/A,,,,,,,,short,N/A,,0.0,N/A,
,,,,,,,,,,,,,,,,,N/A,,,,,,,,short,N/A,,0.0,N/A,
,,,,,,,,,,,,,,,,,N/A,,,,,,,,short,N/A,,0.0,N/A,
,,,,,,,,,,,,,,,,,N/A,,,,,,,,short,N/A,,0.0,N/A,
,,,,,,,,,,,,,,,,,N/A,,,,,,,,short,N/A,,0.0,N/A,
,,,,,,,,,,,,,,,,,N/A,,,,,,,,short,N/A,,0.0,N/A,
,,,,,,,,,,,,,,,,,N/A,,,,,,,,short,N/A,,0.0,N/A,
,,,,,,,,,,,,,,,,,N/A,,,,,,,,short,N/A,,0.0,N/A,
,,,,,,,,,,,,,,,,,N/A,,,,,,,,short,N/A,,0.0,N/A,
,,,,,,,,,,,,,,,,,N/A,,,,,,,,short,N/A,,0.0,N/A,
,,,,,,,,,,,,,,,,,N/A,,,,,,,,short,N/A,,0.0,N/A,
,,,,,,,,,,,,,,,,,N/A,,,,,,,,short,N/A,,0.0,N/A,
,,,,,,,,,,,,,,,,,N/A,,,,,,,,short,N/A,,0.0,N/A,
,,,,,,,,,,,,,,,,,N/A,,,,,,,,short,N/A,,0.0,N/A,
AAON,US,"AAON, Inc.","[27.09, 29.78, 31.48]","[-5.0496, -5.2497, -5.2899]","[-3.8433, -4.1245, -4.3576]","[20728800.0, 18999100.0, 17793500.0]","[19172333.0, 19132022.0, 19389611.0]",6150309630.767151,82863681.28051758,130315591.6656494,0.0211884603360033,62.26,1.21,2025-12-22,1.0,1.0,Industrials,27.09,29.78,31.48,20728800.0,18999100.0,19172333.0,19132022.0,short,상승(+5.16%) XLI,75.33999633789062,75.25,2025-12-24,-0.12
ETN,US,Eaton Corporation plc,"[33.37, 33.48, 35.02]","[-7.5348, -8.5461, -9.0934]","[-6.7331, -7.0957, -7.4952]","[32671400.0, 25314400.0, 21487800.0]","[30105456.0, 30371233.0, 31039556.0]",123433515258.78906,1120429510.351715,2338054510.192871,0.0189418125643666,31.84,9.98,2025-12-22,0.0,2.0,Industrials,33.37,33.48,35.02,32671400.0,25314400.0,30105456.0,30371233.0,short,상승(+5.16%) XLI,317.79998779296875,322.80999755859375,2025-12-24,1.58
A,US,"Agilent Technologies, Inc.","[34.85, 35.46, 36.38]","[-1.8806, -2.1819, -2.366]","[-0.445, -0.7923, -1.1071]","[9288700.0, 4329600.0, 1635700.0]","[4793267.0, 4495944.0, 4993556.0]",38846384254.34413,363318817.4536133,680586911.2411499,0.017519955185148,30.03,4.57,2025-12-22,0.0,3.0,Health Care,34.85,35.46,36.38,9288700.0,4329600.0,4793267.0,4495944.0,short,상승(+2.21%) XLV,137.24000549316406,138.36000061035156,2025-12-24,0.82
ALNY,US,"Alnylam Pharmaceuticals, Inc.","[31.76, 34.2, 36.78]","[-15.5597, -15.8991, -15.6496]","[-9.5668, -10.8333, -11.7965]","[51156500.0, 38597100.0, 36882100.0]","[39770700.0, 38735867.0, 39364478.0]",52875914829.58576,766275090.9957886,5026648799.981689,0.0950649991812362,1429.39,0.28,2025-12-22,0.0,3.0,Health Care,31.76,34.2,36.78,51156500.0,38597100.0,39770700.0,38735867.0,short,상승(+2.21%) XLV,400.2300109863281,398.70001220703125,2025-12-24,-0.38
CRWD,US,"CrowdStrike Holdings, Inc.","[32.68, 36.76, 38.97]","[-7.5045, -8.8567, -9.4944]","[-3.2222, -4.3491, -5.3781]","[-28348500.0, -32985100.0, -34820200.0]","[-31283144.0, -31665822.0, -31717822.0]",121329936895.46265,1307827932.043457,2231502842.340088,0.0183920217832367,99.55,-1.25,2025-12-22,0.0,3.0,Information Technology,32.68,36.76,38.97,-28348500.0,-32985100.0,-31283144.0,-31665822.0,short,상승(+4.20%) XLK,481.2799987792969,478.8399963378906,2025-12-24,-0.51
S,US,"SentinelOne, Inc.","[35.76, 37.57, 39.27]","[-0.5388, -0.545, -0.5341]","[-0.4577, -0.4751, -0.4869]","[-86486800.0, -105300400.0, -114025800.0]","[-97583678.0, -97533133.0, -97264144.0]",4909548147.066147,174687610.8284521,277124319.3878174,0.0564459928055541,48.91,-1.26,2025-12-22,0.0,2.0,Information Technology,35.76,37.57,39.27,-86486800.0,-105300400.0,-97583678.0,-97533133.0,short,상승(+4.20%) XLK,14.729999542236328,14.75,2025-12-24,0.14
J,US,Jacobs Solutions Inc.,"[34.94, 35.74, 39.32]","[-3.5146, -3.5286, -3.3894]","[-3.7159, -3.6784, -3.6206]","[18648262.0, 16565362.0, 15013362.0]","[18055706.0, 18331195.0, 18947295.0]",15832100720.674622,186072006.30218503,279254418.25561523,0.0176384942960188,52.17,2.57,2025-12-22,1.0,3.0,Industrials,34.94,35.74,39.32,18648262.0,16565362.0,18055706.0,18331195.0,short,상승(+5.16%) XLI,134.07000732421875,135.86000061035156,2025-12-24,1.34
ORCL,US,Oracle Corporation,"[28.8, 30.13, 39.43]","[-13.1418, -13.7041, -13.036]","[-12.1119, -12.4304, -12.5515]","[454240500.0, 377332200.0, 341034900.0]","[428052633.0, 432355200.0, 442457444.0]",551554769607.2388,7256929461.008682,14764086444.882202,0.0267681239623685,36.08,5.32,2025-12-22,1.0,2.0,Information Technology,28.8,30.13,39.43,454240500.0,377332200.0,428052633.0,432355200.0,short,상승(+4.20%) XLK,191.97000122070312,195.33999633789062,2025-12-24,1.76
TDG,US,TransDigm Group Incorporated,"[34.06, 34.5, 39.79]","[-10.5718, -13.1901, -13.9704]","[-0.344, -2.9132, -5.1246]","[10639500.0, 10015500.0, 9295400.0]","[10443544.0, 10548956.0, 10702933.0]",71909255133.78223,444657438.826294,796741892.578125,0.0110798240239846,39.84,32.05,2025-12-22,1.0,2.0,Industrials,34.06,34.5,39.79,10639500.0,10015500.0,10443544.0,10548956.0,short,상승(+5.16%) XLI,1276.8299560546875,1314.52001953125,2025-12-24,2.95
IPGP,US,IPG Photonics Corporation,"[37.16, 38.28, 40.25]","[-1.0789, -1.3289, -1.4545]","[-0.6243, -0.7653, -0.9031]","[5624500.0, 4841500.0, 4470800.0]","[4963122.0, 4847644.0, 4844667.0]",3195563154.370743,22638644.115142822,59398380.47790527,0.0185877661020915,137.93,0.55,2025-12-22,0.0,2.0,Information Technology,37.16,38.28,40.25,5624500.0,4841500.0,4963122.0,4847644.0,short,상승(+4.20%) XLK,75.86000061035156,74.51000213623047,2025-12-24,-1.78
AVGO,US,Broadcom Inc.,"[35.16, 36.87, 41.4]","[-1.8374, -4.6311, -5.931]","[6.1471, 3.9915, 2.007]","[1284106400.0, 1125148700.0, 1070646800.0]","[1184828878.0, 1179592011.0, 1188638156.0]",1613739880775.3872,16274341339.387665,54102840443.51807,0.033526370072432,71.35,4.77,2025-12-22,1.0,2.0,Information Technology,35.16,36.87,41.4,1284106400.0,1125148700.0,1184828878.0,1179592011.0,short,상승(+4.20%) XLK,340.3599853515625,349.32000732421875,2025-12-24,2.63
NET,US,"Cloudflare, Inc.","[38.28, 40.71, 42.58]","[-3.8253, -4.1218, -4.1595]","[-3.6157, -3.7169, -3.8054]","[139180800.0, 134834000.0, 132958700.0]","[135887156.0, 135374889.0, 135200167.0]",61688159566.55847,464017302.83691406,850581792.1630859,0.0137884125274535,166.31,-0.29,2025-12-22,1.0,3.0,Information Technology,38.28,40.71,42.58,139180800.0,134834000.0,135887156.0,135374889.0,short,상승(+4.20%) XLK,195.67999267578125,202.0800018310547,2025-12-24,3.27
NRG,US,"NRG Energy, Inc.","[34.78, 41.04, 42.82]","[-2.149, -2.5826, -2.7685]","[-0.7847, -1.1443, -1.4691]","[164505600.0, 160611700.0, 158393500.0]","[162520511.0, 162051233.0, 161832456.0]",29934074944.76294,311319740.00709534,608227168.1167603,0.0203188897348294,23.35,6.69,2025-12-22,0.0,2.0,Utilities,34.78,41.04,42.82,164505600.0,160611700.0,162520511.0,162051233.0,short,하락(-4.08%) XLU,156.1999969482422,158.11000061035156,2025-12-24,1.22
TECH,US,Bio-Techne Corporation,"[38.18, 38.65, 43.59]","[-0.7322, -0.8796, -0.8917]","[-0.0715, -0.2331, -0.3648]","[-5961800.0, -9065200.0, -10796600.0]","[-7309889.0, -7168200.0, -6451622.0]",9079206158.595394,116951964.56735612,180835119.42062375,0.0199175033876089,118.92,0.49,2025-12-22,0.0,2.0,Health Care,38.18,38.65,43.59,-5961800.0,-9065200.0,-7309889.0,-7168200.0,short,상승(+2.21%) XLV,58.27000045776367,59.25,2025-12-24,1.68
FTNT,US,"Fortinet, Inc.","[41.01, 42.32, 44.08]","[-0.2829, -0.4424, -0.5233]","[-0.1066, -0.1737, -0.2436]","[245559800.0, 225444300.0, 217374300.0]","[228167889.0, 227285200.0, 229312567.0]",59670322115.87627,507996396.4115143,1614067677.028656,0.0270497563913637,33.02,2.43,2025-12-22,2.0,1.0,Information Technology,41.01,42.32,44.08,245559800.0,225444300.0,228167889.0,227285200.0,short,상승(+4.20%) XLK,80.23999786376953,80.66000366210938,2025-12-24,0.52
NBIX,US,"Neurocrine Biosciences, Inc.","[37.72, 38.01, 44.3]","[1.3252, 0.5352, 0.1623]","[2.3276, 1.9691, 1.6077]","[29199400.0, 27215700.0, 25694800.0]","[28087878.0, 27943333.0, 28178311.0]",14457326210.0,157810115.09353638,287636500.0,0.0198955530104207,34.61,4.19,2025-12-22,1.0,3.0,Health Care,37.72,38.01,44.3,29199400.0,27215700.0,28087878.0,27943333.0,short,상승(+2.21%) XLV,145.0,147.27999877929688,2025-12-24,1.57
CGNX,US,Cognex Corporation,"[39.11, 41.44, 44.93]","[-1.0465, -1.0255, -0.9472]","[-1.0415, -1.0383, -1.0201]","[18555500.0, 14055700.0, 11736000.0]","[14718233.0, 15052944.0, 15887633.0]",6167608075.332836,73853615.4423523,165592636.56692505,0.0268487612287181,56.62,0.65,2025-12-22,2.0,3.0,Information Technology,39.11,41.44,44.93,18555500.0,14055700.0,14718233.0,15052944.0,short,상승(+4.20%) XLK,36.79999923706055,36.65999984741211,2025-12-24,-0.38
INTC,US,Intel Corporation,"[41.83, 42.78, 45.07]","[0.1707, -0.0196, -0.1253]","[0.6863, 0.5451, 0.411]","[1357033300.0, 1194208100.0, 1124739700.0]","[1283865444.0, 1277522822.0, 1299711178.0]",175631398544.31152,3404785648.95628,5995223814.309692,0.0341352620545073,613.67,0.06,2025-12-22,0.0,2.0,Information Technology,41.83,42.78,45.07,1357033300.0,1194208100.0,1283865444.0,1277522822.0,short,상승(+4.20%) XLK,36.81999969482422,36.349998474121094,2025-12-24,-1.28
Q,US,"Qnity Electronics, Inc.","[38.87, 44.05, 45.25]","[-3.6445, -3.4541, -3.2121]","[-4.6391, -4.4021, -4.1641]","[1844700.0, -4683600.0, -7249300.0]","[-3991056.0, -4676600.0, -4820444.0]",16694215922.56906,198564895.76408383,520305490.0772095,0.0311668120557733,30.54,2.61,2025-12-22,2.0,2.0,Information Technology,38.87,44.05,45.25,1844700.0,-4683600.0,-3991056.0,-4676600.0,short,상승(+4.20%) XLK,79.69999694824219,83.16999816894531,2025-12-24,4.35
BWXT,US,"BWX Technologies, Inc.","[35.96, 39.81, 47.2]","[-3.7094, -3.8327, -3.4325]","[-3.6217, -3.6639, -3.6176]","[49275800.0, 47611000.0, 46661900.0]","[48696544.0, 48631344.0, 48689833.0]",16130419774.290527,188304983.4031677,293720651.8066406,0.0182091139546651,52.98,3.33,2025-12-22,1.0,2.0,Industrials,35.96,39.81,47.2,49275800.0,47611000.0,48696544.0,48631344.0,short,상승(+5.16%) XLI,176.42999267578125,177.6199951171875,2025-12-24,0.67
AMD,US,"Advanced Micro Devices, Inc.","[35.27, 37.89, 47.5]","[-5.355, -5.9249, -5.3172]","[-3.8204, -4.2413, -4.4565]","[934393300.0, 876022500.0, 846302400.0]","[887640856.0, 882279933.0, 879966522.0]",347472893958.0676,7674924749.417725,12458079416.479492,0.0358533849203872,112.33,1.9,2025-12-22,2.0,3.0,Information Technology,35.27,37.89,47.5,934393300.0,876022500.0,887640856.0,882279933.0,short,상승(+4.20%) XLK,213.42999267578125,214.89999389648438,2025-12-24,0.69
CRUS,US,"Cirrus Logic, Inc.","[45.19, 45.22, 48.32]","[0.1632, -0.0177, -0.0683]","[0.1056, 0.0809, 0.0511]","[19891400.0, 18197300.0, 17835400.0]","[18935411.0, 18806122.0, 18907456.0]",6181821292.313522,63391351.79473877,205223272.96600345,0.0331978656874436,17.28,7.01,2025-12-22,0.0,3.0,Information Technology,45.19,45.22,48.32,19891400.0,18197300.0,18935411.0,18806122.0,short,상승(+4.20%) XLK,121.13999938964844,121.13999938964844,2025-12-24,0.0
MTD,US,Mettler-Toledo International Inc.,"[44.27, 45.39, 48.46]","[-4.824, -5.8548, -5.5515]","[2.7914, 1.0622, -0.2605]","[1322500.0, 881800.0, 747800.0]","[955544.0, 908656.0, 931733.0]",28651098596.446533,239049419.08447263,618086161.3037109,0.0215728607830894,34.97,40.11,2025-12-22,1.0,2.0,Health Care,44.27,45.39,48.46,1322500.0,881800.0,955544.0,908656.0,short,상승(+2.21%) XLV,1402.510009765625,1414.5999755859375,2025-12-24,0.86
AMZN,US,"Amazon.com, Inc.","[39.73, 47.71, 48.49]","[-2.0078, -1.8459, -1.651]","[-1.0389, -1.2003, -1.2905]","[1173843100.0, 1088360400.0, 1038088000.0]","[1101144622.0, 1091758267.0, 1095761011.0]",2430420675348.7505,9716447104.288712,19434492366.74499,0.0079963491768585,32.16,7.07,2025-12-22,0.0,2.0,Consumer Discretionary,39.73,47.71,48.49,1173843100.0,1088360400.0,1101144622.0,1091758267.0,short,상승(+9.20%) XLY,227.3500061035156,232.13999938964844,2025-12-24,2.11
ECG,US,"Everus Construction Group, Inc.","[41.87, 46.14, 48.55]","[-0.0485, -0.3028, -0.3526]","[0.6551, 0.4635, 0.3003]","[6421200.0, 5372200.0, 5017400.0]","[6014800.0, 5939578.0, 6045544.0]",4541115309.9861145,55395433.51688385,93392468.71948242,0.0205659760530872,25.15,3.54,2025-12-22,1.0,1.0,Industrials,41.87,46.14,48.55,6421200.0,5372200.0,6014800.0,5939578.0,short,상승(+5.16%) XLI,89.02999877929688,89.91000366210938,2025-12-24,0.99
MSFT,US,Microsoft Corporation,"[40.79, 47.24, 48.72]","[-6.3809, -5.684, -4.9184]","[-6.483, -6.3232, -6.0422]","[492988100.0, 422163200.0, 393589700.0]","[428776367.0, 422753022.0, 422158456.0]",3611541049917.593,13097829140.522003,34415236359.017944,0.0095292385946445,34.61,14.04,2025-12-22,1.0,2.0,Information Technology,40.79,47.24,48.72,492988100.0,422163200.0,428776367.0,422753022.0,short,상승(+4.20%) XLK,485.9200134277344,486.8500061035156,2025-12-24,0.19
MCK,US,McKesson Corporation,"[43.17, 44.96, 49.09]","[-5.6612, -5.8381, -5.1372]","[-1.4543, -2.3311, -2.8923]","[43026300.0, 41606500.0, 40934900.0]","[41813556.0, 41623367.0, 41700822.0]",101240709662.5,719361486.7526245,1164590950.0,0.0115031883308831,25.64,31.99,2025-12-22,1.0,2.0,Health Care,43.17,44.96,49.09,43026300.0,41606500.0,41813556.0,41623367.0,short,상승(+2.21%) XLV,820.25,825.72998046875,2025-12-24,0.67
AWI,US,"Armstrong World Industries, Inc.","[44.8, 48.51, 49.13]","[-1.1469, -1.0115, -0.8755]","[-1.3434, -1.277, -1.1967]","[15607900.0, 14972200.0, 14580200.0]","[15276967.0, 15268156.0, 15292033.0]",8030872990.375946,60816029.44030762,118373701.26800536,0.0147398298304383,26.75,6.96,2025-12-22,1.0,2.0,Industrials,44.8,48.51,49.13,15607900.0,14972200.0,15276967.0,15268156.0,short,상승(+5.16%) XLI,186.2100067138672,190.55999755859375,2025-12-24,2.34
NVDA,US,NVIDIA Corporation,"[37.16, 41.54, 49.64]","[-2.8842, -3.0493, -2.5975]","[-2.1434, -2.3246, -2.3792]","[13468927000.0, 13144554500.0, 12968458500.0]","[13163020489.0, 13174449367.0, 13199210956.0]",4398962083511.353,36016790524.969406,58708180556.83137,0.0133459164780909,44.8,4.04,2025-12-22,2.0,1.0,Information Technology,37.16,41.54,49.64,13468927000.0,13144554500.0,13163020489.0,13174449367.0,short,상승(+4.20%) XLK,180.9900054931641,189.2100067138672,2025-12-24,4.54
VMC,US,Vulcan Materials Company,"[41.54, 45.47, 49.85]","[0.4965, 0.1042, 0.0772]","[0.8495, 0.7004, 0.5758]","[32240100.0, 30241600.0, 29016300.0]","[31004656.0, 30874100.0, 30844067.0]",38565046597.179565,289149956.9847107,583302185.2416992,0.0151251518333277,34.5,8.46,2025-12-22,1.0,1.0,Materials,41.54,45.47,49.85,32240100.0,30241600.0,31004656.0,30874100.0,short,상승(+7.36%) XLB,291.8699951171875,292.8399963378906,2025-12-24,0.33
014940,KR,오리엔탈정공,"[42.67, 44.22, 46.23]","[-267.7899, -249.0633, -224.3736]","[-274.1887, -269.1636, -260.2056]","[174530911.0, 173557844.0, 173254460.0]","[173722449.0, 173708760.0, 173851376.0]",377805649690.0,3757355248.5,8066725430.0,0.0213515214412991,14.49,572.0,2025-12-23,1.0,4.0,Industrials,42.67,44.22,46.23,174530911.0,173557844.0,173722449.0,173708760.0,short,상승(+9.19%) KODEX 산업재,8290.0,7980.0,2025-12-24,-3.74
CAR,US,"Avis Budget Group, Inc.","[40.4, 44.65, 47.43]","[-2.3713, -2.2881, -2.0605]","[-2.4364, -2.4068, -2.3375]","[9180300.0, 8054400.0, 7291900.0]","[8913700.0, 9019500.0, 9207767.0]",4656562149.012695,75388771.18377686,148956573.43597412,0.0319885290197526,17.95,-59.11,2025-12-23,1.0,1.0,Industrials,40.4,44.65,47.43,9180300.0,8054400.0,8913700.0,9019500.0,short,상승(+5.16%) XLI,132.3000030517578,134.89999389648438,2025-12-24,1.97
KIM,US,Kimco Realty Corporation,"[45.12, 45.94, 47.62]","[-0.0664, -0.0728, -0.0706]","[-0.1073, -0.1004, -0.0945]","[-63838200.0, -71319700.0, -76518700.0]","[-66642489.0, -67541867.0, -68087589.0]",13618372799.046448,93806306.99235916,150452969.5663452,0.0110477934321844,24.23,0.83,2025-12-24,2.0,2.0,Real Estate,45.12,45.94,47.62,-63838200.0,-71319700.0,-66642489.0,-67541867.0,short,하락(-0.49%) XLRE,20.11000061035156,20.110000610351562,2025-12-24,0.0
281820,KR,케이씨텍,"[42.77, 44.13, 44.37]","[-872.267, -854.4323, -826.7335]","[-472.0978, -548.5647, -604.1984]","[12605665.0, 12523165.0, 12456593.0]","[12600893.0, 12628204.0, 12670755.0]",767611000000.0,3329457323.0,3060750000.0,0.003987371,14.19,2615.0,2025-12-19,3.0,1.0,Information Technology,42.77,44.13,44.37,12605665.0,12523165.0,12600893.0,12628204.0,mid,상승(+4.98%) TIGER 200 IT,37100.0,38850.0,2025-12-24,4.72
64820,KR,케이프,"[38.74, 40.58, 47.85]","[-408.91, -393.8141, -343.197]","[-464.5119, -450.3723, -428.9373]","[51183668.0, 50965458.0, 50847049.0]","[51094120.0, 51080813.0, 51074810.0]",332194000000.0,1937588149.0,2345757500.0,0.007061417,19.09,563.0,2025-12-19,3.0,2.0,Industrials,38.74,40.58,47.85,51183668.0,50965458.0,51094120.0,51080813.0,mid,상승(+9.19%) KODEX 산업재,10750.0,10580.0,2025-12-24,-1.58
PSN,US,Parsons Corporation,"[23.74, 24.76, 27.25]","[-5.8714, -5.9989, -5.9643]","[-4.1945, -4.5554, -4.8372]","[-6019500.0, -8212300.0, -9611900.0]","[-6875522.0, -7202578.0, -6655522.0]",6536269276.902077,150264049.70222473,134594066.3421631,0.0205918790429569,28.29,2.17,2025-12-22,1.0,2.0,Industrials,23.74,24.76,27.25,-6019500.0,-8212300.0,-6875522.0,-7202578.0,mid,상승(+5.16%) XLI,61.380001068115234,62.7400016784668,2025-12-24,2.22
XP,US,XP Inc.,"[33.14, 34.49, 35.88]","[-0.3458, -0.4515, -0.5188]","[-0.0388, -0.1213, -0.2008]","[44946600.0, 39537700.0, 34172000.0]","[44685111.0, 47356000.0, 49736522.0]",6651466232.820555,137509109.26686764,86596490.23799896,0.0130191580633309,9.42,1.7,2025-12-22,1.0,3.0,Financials,33.14,34.49,35.88,44946600.0,39537700.0,44685111.0,47356000.0,mid,상승(+8.07%) XLF,16.010000228881836,16.3799991607666,2025-12-24,2.31
194480,KR,데브시스터즈,"[27.32, 36.91, 37.65]","[-2202.5909, -2039.8841, -1881.1835]","[-2421.2559, -2344.9816, -2252.222]","[3157268.0, 3133584.0, 3090207.0]","[3121854.0, 3137896.0, 3168372.0]",364480957500.0,1849684615.0,711704200.0,0.0019526512575077,11.58,2595.0,2025-12-22,2.0,1.0,Information Technology,27.32,36.91,37.65,3157268.0,3133584.0,3121854.0,3137896.0,mid,상승(+4.98%) TIGER 200 IT,30050.0,30350.0,2025-12-24,1.0
294570,KR,쿠콘,"[29.17, 29.65, 39.13]","[-1313.6515, -1340.1673, -1261.9086]","[-1336.7253, -1337.4137, -1322.3127]","[30761169.0, 30690829.0, 30574530.0]","[30704254.0, 30695355.0, 30691454.0]",290641881600.0,1413633695.0,2025792000.0,0.0069700622251958,18.46,1560.0,2025-12-22,0.0,2.0,Information Technology,29.17,29.65,39.13,30761169.0,30690829.0,30704254.0,30695355.0,mid,상승(+4.98%) TIGER 200 IT,28800.0,28450.0,2025-12-24,-1.22
042000,KR,카페24,"[36.42, 40.33, 42.24]","[-784.2304, -834.8911, -837.1479]","[-557.4011, -612.8991, -657.7489]","[58903662.0, 58806566.0, 58626954.0]","[58856791.0, 58873278.0, 58908773.0]",761545895600.0,4382322502.5,3048814400.0,0.0040034545752464,29.37,1069.0,2025-12-22,1.0,3.0,Information Technology,36.42,40.33,42.24,58903662.0,58806566.0,58856791.0,58873278.0,mid,상승(+4.98%) TIGER 200 IT,31400.0,30200.0,2025-12-24,-3.82
101930,KR,인화정공,"[36.66, 41.16, 42.46]","[-1433.0747, -1373.6301, -1291.4597]","[-1468.3176, -1449.3801, -1417.796]","[4040064.0, 4034725.0, 4024859.0]","[4035385.0, 4037142.0, 4038066.0]",433945454000.0,462323965.0,250933000.0,0.0005782593127476,11.23,4187.0,2025-12-22,1.0,2.0,Industrials,36.66,41.16,42.46,4040064.0,4034725.0,4035385.0,4037142.0,mid,상승(+9.19%) KODEX 산업재,47000.0,47100.0,2025-12-24,0.21
NRG,US,"NRG Energy, Inc.","[34.78, 41.04, 42.82]","[-2.149, -2.5826, -2.7685]","[-0.7847, -1.1443, -1.4691]","[164505600.0, 160611700.0, 158393500.0]","[162520511.0, 162051233.0, 161832456.0]",29934074944.76294,311319740.00709534,608227168.1167603,0.0203188897348294,23.35,6.69,2025-12-22,0.0,2.0,Utilities,34.78,41.04,42.82,164505600.0,160611700.0,162520511.0,162051233.0,mid,하락(-4.08%) XLU,156.1999969482422,158.11000061035156,2025-12-24,1.22
GTES,US,Gates Industrial Corporation plc,"[38.91, 40.3, 42.94]","[-0.32, -0.3299, -0.3203]","[-0.3357, -0.3345, -0.3317]","[115369000.0, 112063400.0, 109970300.0]","[113275333.0, 112921200.0, 113210811.0]",5581439407.15184,50641067.54274368,71434018.01757811,0.0127984938663036,23.75,0.91,2025-12-22,1.0,3.0,Industrials,38.91,40.3,42.94,115369000.0,112063400.0,113275333.0,112921200.0,mid,상승(+5.16%) XLI,21.61000061035156,22.190000534057617,2025-12-24,2.68
041190,KR,우리기술투자,"[30.48, 32.49, 43.64]","[-361.5219, -361.862, -327.6913]","[-314.6679, -324.1067, -324.8237]","[397114846.0, 396339069.0, 395742215.0]","[396827475.0, 396910940.0, 397153717.0]",658560000000.0,6328639086.0,6082091680.0,0.0092354404761904,4.13,1897.0,2025-12-22,1.0,1.0,Financials,30.48,32.49,43.64,397114846.0,396339069.0,396827475.0,396910940.0,mid,상승(+4.01%) TIGER 200 금융,7840.0,7530.0,2025-12-24,-3.95
092790,KR,넥스틸,"[33.43, 38.79, 44.44]","[-417.0032, -401.5242, -363.2826]","[-433.5426, -427.1389, -414.3676]","[281717302.0, 281575208.0, 281462804.0]","[281614804.0, 281621468.0, 281649969.0]",252739440000.0,1642731238.0,1381153680.0,0.0054647334820398,7.29,1334.0,2025-12-22,1.0,2.0,Materials,33.43,38.79,44.44,281717302.0,281575208.0,281614804.0,281621468.0,mid,하락(-1.49%) KODEX 소재산업,9720.0,9550.0,2025-12-24,-1.75
213420,KR,덕산네오룩스,"[39.58, 41.61, 44.76]","[-576.2258, -623.548, -609.6432]","[-378.5723, -427.5674, -463.9826]","[-1482882.0, -1630201.0, -1756120.0]","[-1513400.0, -1479473.0, -1402779.0]",964691304150.0,5847736810.0,5723343150.0,0.0059328234072171,20.85,1863.0,2025-12-22,2.0,1.0,Information Technology,39.58,41.61,44.76,-1482882.0,-1630201.0,-1513400.0,-1479473.0,mid,상승(+4.98%) TIGER 200 IT,38850.0,37900.0,2025-12-24,-2.45
100840,KR,SNT에너지,"[42.72, 43.33, 45.37]","[-979.2587, -1019.4221, -987.4199]","[-1243.9713, -1199.0614, -1156.7331]","[39904140.0, 39834794.0, 39649084.0]","[39886292.0, 39886162.0, 39878057.0]",816890928500.0,6014717032.5,2739167000.0,0.0033531612415255,22.53,1753.0,2025-12-22,1.0,1.0,Industrials,42.72,43.33,45.37,39904140.0,39834794.0,39886292.0,39886162.0,mid,상승(+9.19%) KODEX 산업재,39500.0,37950.0,2025-12-24,-3.92
462870,KR,시프트업,"[38.25, 43.14, 45.79]","[-326.0397, -370.7872, -369.7114]","[-130.0325, -178.1834, -216.489]","[12115269.0, 12082814.0, 12045300.0]","[12083408.0, 12083611.0, 12080126.0]",2184521352000.0,1930376400.0,1202457750.0,0.0005504444938929,13.55,2734.0,2025-12-22,1.0,2.0,Information Technology,38.25,43.14,45.79,12115269.0,12082814.0,12083408.0,12083611.0,mid,상승(+4.98%) TIGER 200 IT,37050.0,36500.0,2025-12-24,-1.48
017810,KR,풀무원,"[39.57, 45.3, 45.95]","[-137.4371, -129.0157, -119.3521]","[-120.0542, -121.8465, -121.3476]","[48579611.0, 48524220.0, 48460953.0]","[48550559.0, 48550639.0, 48564843.0]",498997894780.0,999081780.5,725068190.0,0.0014530485951642,20.55,637.0,2025-12-22,1.0,1.0,Consumer Staples,39.57,45.3,45.95,48579611.0,48524220.0,48550559.0,48550639.0,mid,상승(+1.11%) KODEX 필수소비재,13090.0,13070.0,2025-12-24,-0.15
101160,KR,월덱스,"[34.39, 36.66, 46.05]","[-554.9652, -559.0015, -499.9529]","[-534.4828, -539.3866, -531.4998]","[2659800.0, 2615061.0, 2585610.0]","[2632739.0, 2632038.0, 2639594.0]",363241846000.0,860898165.0,984258000.0,0.0027096492621612,5.59,3939.0,2025-12-22,1.0,0.0,Information Technology,34.39,36.66,46.05,2659800.0,2615061.0,2632739.0,2632038.0,mid,상승(+4.98%) TIGER 200 IT,22000.0,21350.0,2025-12-24,-2.95
084370,KR,유진테크,"[34.48, 38.71, 46.2]","[-3343.2424, -3265.2359, -2911.6384]","[-2869.2579, -2948.4535, -2941.0905]","[16654637.0, 16415324.0, 16152089.0]","[16636879.0, 16723354.0, 16849440.0]",1755368817200.0,18208801255.0,18331375800.0,0.0104430337490217,26.92,2845.0,2025-12-22,2.0,1.0,Industrials,34.48,38.71,46.2,16654637.0,16415324.0,16636879.0,16723354.0,mid,상승(+9.19%) KODEX 산업재,76600.0,73900.0,2025-12-24,-3.52
253590,KR,네오셈,"[31.85, 32.11, 46.59]","[-373.4135, -388.1741, -343.4632]","[-318.8196, -332.6905, -334.8451]","[327276450.0, 327065286.0, 326954280.0]","[327195198.0, 327251787.0, 327344075.0]",433866031960.0,1680019995.5,2088411960.0,0.0048134949642532,21.83,453.0,2025-12-22,1.0,2.0,Industrials,31.85,32.11,46.59,327276450.0,327065286.0,327195198.0,327251787.0,mid,상승(+9.19%) KODEX 산업재,9890.0,9500.0,2025-12-24,-3.94
123860,KR,아나패스,"[44.46, 45.64, 46.86]","[-87.0234, -89.3637, -86.1903]","[-51.2419, -58.8663, -64.3311]","[5585425.0, 5564162.0, 5542011.0]","[5572211.0, 5578423.0, 5589390.0]",210098781950.0,590514386.0,368487790.0,0.0017538787544598,11.12,1559.0,2025-12-22,3.0,0.0,Information Technology,44.46,45.64,46.86,5585425.0,5564162.0,5572211.0,5578423.0,mid,상승(+4.98%) TIGER 200 IT,17330.0,17410.0,2025-12-24,0.46
DKS,US,"DICK'S Sporting Goods, Inc.","[42.43, 45.04, 47.54]","[-1.0381, -1.2411, -1.2209]","[-0.5696, -0.7039, -0.8073]","[-14486800.0, -17114100.0, -18903200.0]","[-15905089.0, -15821211.0, -15248222.0]",14085729593.69371,445275525.98968506,557355420.3964233,0.0395688002306927,17.28,12.28,2025-12-22,1.0,2.0,Consumer Discretionary,42.43,45.04,47.54,-14486800.0,-17114100.0,-15905089.0,-15821211.0,mid,상승(+9.20%) XLY,212.13999938964844,207.92999267578125,2025-12-24,-1.98
078930,KR,GS,"[45.44, 45.95, 47.54]","[362.2485, 232.0623, 151.3515]","[928.9473, 789.5703, 661.9265]","[1294741.0, 1131740.0, 836187.0]","[1120569.0, 1172347.0, 1242237.0]",5166095016800.0,13982801750.0,9062855600.0,0.00175429518244,9.29,5988.0,2025-12-22,2.0,1.0,Financials,45.44,45.95,47.54,1294741.0,1131740.0,1120569.0,1172347.0,mid,상승(+4.01%) TIGER 200 금융,55600.0,54500.0,2025-12-24,-1.98
012450,KR,한화에어로스페이스,"[42.45, 47.35, 47.64]","[-12423.5597, -12074.5352, -11503.9372]","[-12958.7204, -12781.8834, -12526.2941]","[33826918.0, 33719768.0, 33511383.0]","[33806624.0, 33848400.0, 33876376.0]",45685173286000.0,171471681300.0,94934900000.0,0.00207802429479,19.26,46002.0,2025-12-22,0.0,3.0,Industrials,42.45,47.35,47.64,33826918.0,33719768.0,33806624.0,33848400.0,mid,상승(+9.19%) KODEX 산업재,886000.0,878000.0,2025-12-24,-0.9
028050,KR,삼성E&A,"[42.05, 43.33, 47.68]","[-353.4249, -345.2545, -306.9985]","[-372.7129, -367.2212, -355.1767]","[1686955.0, 1146446.0, 245407.0]","[1427824.0, 1305851.0, 1428124.0]",4958800000000.0,18323907717.5,13674877700.0,0.0027576989795918,6.55,3862.0,2025-12-22,2.0,1.0,Industrials,42.05,43.33,47.68,1686955.0,1146446.0,1427824.0,1305851.0,mid,상승(+9.19%) KODEX 산업재,25300.0,24750.0,2025-12-24,-2.17
079370,KR,제우스,"[38.18, 40.27, 47.88]","[-199.6309, -222.9963, -200.4706]","[-127.0192, -146.2146, -157.0658]","[23830933.0, 23713318.0, 23625003.0]","[23725376.0, 23721611.0, 23749127.0]",430205651300.0,2282373107.5,1631320050.0,0.0037919540226179,10.21,1358.0,2025-12-22,2.0,1.0,Industrials,38.18,40.27,47.88,23830933.0,23713318.0,23725376.0,23721611.0,mid,상승(+9.19%) KODEX 산업재,13870.0,13890.0,2025-12-24,0.14
078020,KR,LS증권,"[42.89, 47.03, 47.96]","[-71.5199, -64.325, -56.7584]","[-93.2957, -87.5016, -81.3529]","[28395175.0, 28347610.0, 28284386.0]","[28365489.0, 28360758.0, 28369771.0]",270748207200.0,254618968.75,232117200.0,0.0008573175881771,18.42,265.0,2025-12-22,1.0,3.0,Financials,42.89,47.03,47.96,28395175.0,28347610.0,28365489.0,28360758.0,mid,상승(+4.01%) TIGER 200 금융,4880.0,4870.0,2025-12-24,-0.2
000880,KR,한화,"[41.02, 45.06, 48.28]","[-1670.9909, -1623.4061, -1439.9889]","[-1709.2297, -1692.065, -1641.6498]","[32803299.0, 32687799.0, 32554165.0]","[32727202.0, 32760204.0, 32788773.0]",6146616270000.0,12348621080.0,9471000000.0,0.0015408477744454,9.83,8339.0,2025-12-22,2.0,1.0,Materials,41.02,45.06,48.28,32803299.0,32687799.0,32727202.0,32760204.0,mid,하락(-1.49%) KODEX 소재산업,82000.0,83400.0,2025-12-24,1.71
CRUS,US,"Cirrus Logic, Inc.","[45.19, 45.22, 48.32]","[0.1632, -0.0177, -0.0683]","[0.1056, 0.0809, 0.0511]","[19891400.0, 18197300.0, 17835400.0]","[18935411.0, 18806122.0, 18907456.0]",6181821292.313522,63391351.79473877,205223272.96600345,0.0331978656874436,17.28,7.01,2025-12-22,0.0,3.0,Information Technology,45.19,45.22,48.32,19891400.0,18197300.0,18935411.0,18806122.0,mid,상승(+4.20%) XLK,121.13999938964844,121.13999938964844,2025-12-24,0.0
ECG,US,"Everus Construction Group, Inc.","[41.87, 46.14, 48.55]","[-0.0485, -0.3028, -0.3526]","[0.6551, 0.4635, 0.3003]","[6421200.0, 5372200.0, 5017400.0]","[6014800.0, 5939578.0, 6045544.0]",4541115309.9861145,55395433.51688385,93392468.71948242,0.0205659760530872,25.15,3.54,2025-12-22,1.0,1.0,Industrials,41.87,46.14,48.55,6421200.0,5372200.0,6014800.0,5939578.0,mid,상승(+5.16%) XLI,89.02999877929688,89.91000366210938,2025-12-24,0.99
060250,KR,NHN KCP,"[34.6, 42.02, 48.75]","[-377.0253, -378.4356, -328.96]","[-214.1955, -247.0435, -263.4268]","[157744367.0, 157443223.0, 157130462.0]","[157540486.0, 157517239.0, 157545976.0]",621284652170.0,5488807161.0,4658697680.0,0.0074984914945641,13.23,1169.0,2025-12-22,1.0,2.0,Financials,34.6,42.02,48.75,157744367.0,157443223.0,157540486.0,157517239.0,mid,상승(+4.01%) TIGER 200 금융,15470.0,15150.0,2025-12-24,-2.07
002380,KR,KCC,"[46.4, 46.92, 48.79]","[2446.5929, 1544.7608, 1099.7953]","[3844.0792, 3384.2155, 2927.3315]","[984126.0, 955243.0, 939854.0]","[961674.0, 963824.0, 967690.0]",3727874584500.0,8638153550.0,12116418500.0,0.0032502216009032,9.93,42230.0,2025-12-22,1.0,3.0,Other,46.4,46.92,48.79,984126.0,955243.0,961674.0,963824.0,mid,N/A,419500.0,417500.0,2025-12-24,-0.48
TDY,US,Teledyne Technologies Incorporated,"[43.61, 44.84, 48.89]","[-1.6363, -1.9804, -1.7847]","[-3.033, -2.8225, -2.6149]","[5878800.0, 5418500.0, 5170600.0]","[5727600.0, 5738944.0, 5854856.0]",23945473338.37573,177578839.58572388,234757607.4951172,0.0098038407584488,29.58,17.24,2025-12-22,1.0,3.0,Industrials,43.61,44.84,48.89,5878800.0,5418500.0,5727600.0,5738944.0,mid,상승(+5.16%) XLI,510.010009765625,518.9000244140625,2025-12-24,1.74
MCK,US,McKesson Corporation,"[43.17, 44.96, 49.09]","[-5.6612, -5.8381, -5.1372]","[-1.4543, -2.3311, -2.8923]","[43026300.0, 41606500.0, 40934900.0]","[41813556.0, 41623367.0, 41700822.0]",101240709662.5,719361486.7526245,1164590950.0,0.0115031883308831,25.64,31.99,2025-12-22,1.0,2.0,Health Care,43.17,44.96,49.09,43026300.0,41606500.0,41813556.0,41623367.0,mid,상승(+2.21%) XLV,820.25,825.72998046875,2025-12-24,0.67
AWI,US,"Armstrong World Industries, Inc.","[44.8, 48.51, 49.13]","[-1.1469, -1.0115, -0.8755]","[-1.3434, -1.277, -1.1967]","[15607900.0, 14972200.0, 14580200.0]","[15276967.0, 15268156.0, 15292033.0]",8030872990.375946,60816029.44030762,118373701.26800536,0.0147398298304383,26.75,6.96,2025-12-22,1.0,2.0,Industrials,44.8,48.51,49.13,15607900.0,14972200.0,15276967.0,15268156.0,mid,상승(+5.16%) XLI,186.2100067138672,190.55999755859375,2025-12-24,2.34
403870,KR,HPSP,"[39.86, 40.61, 49.18]","[-752.5421, -752.7667, -644.649]","[-727.9418, -732.9068, -715.2552]","[55359052.0, 54806393.0, 54569384.0]","[55034671.0, 55115135.0, 55285785.0]",2504136511600.0,11982244915.0,16552137050.0,0.0066099180189757,28.36,1056.0,2025-12-22,2.0,3.0,Industrials,39.86,40.61,49.18,55359052.0,54806393.0,55034671.0,55115135.0,mid,상승(+9.19%) KODEX 산업재,29950.0,30050.0,2025-12-24,0.33
060720,KR,KH바텍,"[41.53, 43.21, 49.84]","[-179.8145, -177.5938, -149.8985]","[-183.2043, -182.0822, -175.6455]","[26313796.0, 26251998.0, 26131156.0]","[26268853.0, 26273133.0, 26292234.0]",275842199300.0,1185545414.5,719946700.0,0.0026099947789968,12.14,960.0,2025-12-22,1.0,2.0,Information Technology,41.53,43.21,49.84,26313796.0,26251998.0,26268853.0,26273133.0,mid,상승(+4.98%) TIGER 200 IT,11650.0,11310.0,2025-12-24,-2.92
015860,KR,일진홀딩스,"[47.73, 48.02, 49.87]","[57.6044, 42.5523, 35.0607]","[80.1822, 72.6562, 65.1371]","[17140141.0, 17038738.0, 16925551.0]","[17122122.0, 17093994.0, 17082306.0]",357769251750.0,1170376870.0,735171750.0,0.0020548768414389,14.77,491.0,2025-12-22,0.0,0.0,Financials,47.73,48.02,49.87,17140141.0,17038738.0,17122122.0,17093994.0,mid,상승(+4.01%) TIGER 200 금융,7250.0,7200.0,2025-12-24,-0.69
GNRC,US,Generac Holdings Inc.,"[33.24, 35.39, 36.64]","[-2.6465, -3.639, -4.2867]","[-1.4014, -1.8489, -2.3365]","[22168700.0, 21106200.0, 17534000.0]","[21869778.0, 21954511.0, 22243522.0]",8218703622.389557,154443188.73832703,148803128.24249268,0.0181054257556045,26.73,5.24,2025-12-23,0.0,4.0,Industrials,33.24,35.39,36.64,22168700.0,21106200.0,21869778.0,21954511.0,mid,상승(+5.16%) XLI,140.0500030517578,139.8699951171875,2025-12-24,-0.13
RRC,US,Range Resources Corporation,"[35.56, 36.57, 38.78]","[-0.7085, -0.8031, -0.8426]","[-0.2207, -0.3372, -0.4383]","[33631300.0, 31290700.0, 26850900.0]","[32278622.0, 33091989.0, 34496722.0]",8252474800.632431,126820777.46673584,81523102.2857666,0.0098786248071328,14.63,2.38,2025-12-23,2.0,1.0,Energy,35.56,36.57,38.78,33631300.0,31290700.0,32278622.0,33091989.0,mid,하락(-2.07%) XLE,34.83000183105469,35.93000030517578,2025-12-24,3.16
SWKS,US,"Skyworks Solutions, Inc.","[37.61, 38.6, 41.53]","[-0.803, -0.8927, -0.9081]","[-0.7321, -0.7643, -0.793]","[-51220200.0, -53360100.0, -59215400.0]","[-51766622.0, -51278322.0, -50277989.0]",9781448341.59446,176954036.2316513,139607071.42868042,0.0142726380136383,21.18,3.08,2025-12-23,0.0,2.0,Information Technology,37.61,38.6,41.53,-51220200.0,-53360100.0,-51766622.0,-51278322.0,mid,상승(+4.20%) XLK,65.23999786376953,64.4800033569336,2025-12-24,-1.16
DELL,US,Dell Technologies Inc.,"[36.84, 41.42, 41.67]","[-2.5195, -2.776, -2.9303]","[-1.9435, -2.11, -2.2741]","[-128127600.0, -132959200.0, -142674600.0]","[-131894578.0, -131908111.0, -130999822.0]",42277333748.077255,946565342.0845032,611728878.9489746,0.0144694289993345,16.93,7.48,2025-12-23,2.0,2.0,Information Technology,36.84,41.42,41.67,-128127600.0,-132959200.0,-131894578.0,-131908111.0,mid,상승(+4.20%) XLK,126.61000061035156,127.62000274658203,2025-12-24,0.8
108670,KR,LX하우시스,"[43.11, 44.62, 45.14]","[-7.6906, -55.9545, -89.1418]","[142.1293, 102.5125, 64.1817]","[63096.0, 39745.0, 18427.0]","[58572.0, 55456.0, 57248.0]",264097881500.0,691022252.5,687686950.0,0.0026039093766831,6.64,4435.0,2025-12-23,0.0,2.0,Materials,43.11,44.62,45.14,63096.0,39745.0,58572.0,55456.0,mid,하락(-1.49%) KODEX 소재산업,29450.0,29200.0,2025-12-24,-0.85
119850,KR,지엔씨에너지,"[42.77, 44.45, 45.31]","[-488.7376, -531.9574, -543.8025]","[-389.9158, -418.3241, -443.4198]","[123665927.0, 123496291.0, 123346544.0]","[123629477.0, 123670802.0, 123763307.0]",521430415300.0,11669643887.5,5377461200.0,0.010312902819269,12.28,2582.0,2025-12-23,2.0,2.0,Industrials,42.77,44.45,45.31,123665927.0,123496291.0,123629477.0,123670802.0,mid,상승(+9.19%) KODEX 산업재,31700.0,31400.0,2025-12-24,-0.95
014940,KR,오리엔탈정공,"[42.67, 44.22, 46.23]","[-267.7899, -249.0633, -224.3736]","[-274.1887, -269.1636, -260.2056]","[174530911.0, 173557844.0, 173254460.0]","[173722449.0, 173708760.0, 173851376.0]",377805649690.0,3757355248.5,8066725430.0,0.0213515214412991,14.49,572.0,2025-12-23,1.0,4.0,Industrials,42.67,44.22,46.23,174530911.0,173557844.0,173722449.0,173708760.0,mid,상승(+9.19%) KODEX 산업재,8290.0,7980.0,2025-12-24,-3.74
APA,US,APA Corporation,"[42.37, 44.72, 46.91]","[0.1711, 0.079, 0.0291]","[0.4834, 0.4025, 0.3278]","[31683600.0, 25258700.0, 15854400.0]","[25026500.0, 26109622.0, 27420867.0]",8657476362.791767,147529504.37270164,156831808.01963806,0.0181151875497659,5.84,4.18,2025-12-23,1.0,3.0,Energy,42.37,44.72,46.91,31683600.0,25258700.0,25026500.0,26109622.0,mid,하락(-2.07%) XLE,24.40999984741211,24.360000610351562,2025-12-24,-0.2
THC,US,Tenet Healthcare Corporation,"[39.3, 42.48, 47.78]","[-1.9482, -2.0972, -1.9077]","[-0.1986, -0.5783, -0.8442]","[49190300.0, 48369900.0, 46814700.0]","[48508111.0, 48566789.0, 48828000.0]",17565574520.874023,210218865.57113647,163973343.99414062,0.0093349263241736,13.59,14.71,2025-12-23,2.0,1.0,Health Care,39.3,42.48,47.78,49190300.0,48369900.0,48508111.0,48566789.0,mid,상승(+2.21%) XLV,199.8699951171875,198.75999450683594,2025-12-24,-0.56
LDOS,US,"Leidos Holdings, Inc.","[38.52, 45.71, 48.25]","[-1.7707, -1.6976, -1.5125]","[-1.0638, -1.1906, -1.255]","[54936500.0, 54265300.0, 51844400.0]","[54414944.0, 54437922.0, 54632467.0]",23786175340.47736,168894879.10125732,124870043.49365234,0.0052496898600238,17.35,10.72,2025-12-23,1.0,2.0,Industrials,38.52,45.71,48.25,54936500.0,54265300.0,54414944.0,54437922.0,mid,상승(+5.16%) XLI,186.0399932861328,186.32000732421875,2025-12-24,0.15
036200,KR,유니셈,"[43.36, 48.28, 49.17]","[-249.5664, -220.4019, -190.2541]","[-219.0713, -219.3374, -213.5208]","[103117529.0, 102941525.0, 102661350.0]","[102972949.0, 103046620.0, 103179756.0]",287937053970.0,3060216032.0,1652677560.0,0.0057397182377652,17.78,528.0,2025-12-23,3.0,1.0,Industrials,43.36,48.28,49.17,103117529.0,102941525.0,102972949.0,103046620.0,mid,상승(+9.19%) KODEX 산업재,9390.0,9200.0,2025-12-24,-2.02
XEL,US,Xcel Energy Inc.,"[27.56, 35.62, 36.65]","[-1.7899, -1.7516, -1.6889]","[-1.3635, -1.4411, -1.4907]","[183442100.0, 175369700.0, 166022200.0]","[179088078.0, 177981867.0, 178308667.0]",43779859863.39529,460855263.4289551,597438341.2445068,0.0136464196803889,22.56,3.28,2025-12-24,1.0,1.0,Utilities,27.56,35.62,36.65,183442100.0,175369700.0,179088078.0,177981867.0,mid,하락(-4.08%) XLU,74.01000213623047,74.01000213623047,2025-12-24,0.0
AZO,US,"AutoZone, Inc.","[29.76, 32.05, 37.17]","[-123.1473, -122.5653, -116.74]","[-93.2112, -99.082, -102.6136]","[4404200.0, 4211100.0, 4074300.0]","[4310267.0, 4284200.0, 4309011.0]",57384472273.5564,643220140.9985352,668823111.7431641,0.011655123507189,24.16,143.39,2025-12-24,2.0,2.0,Consumer Discretionary,29.76,32.05,37.17,4404200.0,4211100.0,4310267.0,4284200.0,mid,상승(+9.20%) XLY,3463.610107421875,3463.610107421875,2025-12-24,0.0
VVV,US,Valvoline Inc.,"[39.08, 41.23, 41.76]","[-0.5046, -0.5225, -0.5257]","[-0.5312, -0.5294, -0.5287]","[-44792700.0, -46552400.0, -48428700.0]","[-45440189.0, -45674967.0, -45995989.0]",3799445481.022339,90295820.40941238,52544643.07403564,0.01382955574346,17.88,1.67,2025-12-24,1.0,2.0,Materials,39.08,41.23,41.76,-44792700.0,-46552400.0,-45440189.0,-45674967.0,mid,상승(+7.36%) XLB,29.86000061035156,29.860000610351562,2025-12-24,0.0
FE,US,FirstEnergy Corp.,"[39.36, 41.79, 44.57]","[-0.4832, -0.4694, -0.4356]","[-0.3845, -0.4015, -0.4083]","[156651800.0, 152912600.0, 150013000.0]","[154096489.0, 153717600.0, 154246900.0]",25786990022.62093,215294843.23711395,166917885.71777344,0.0064729495598885,19.41,2.3,2025-12-24,3.0,1.0,Utilities,39.36,41.79,44.57,156651800.0,152912600.0,154096489.0,153717600.0,mid,하락(-4.08%) XLU,44.63999938964844,44.63999938964844,2025-12-24,0.0
NI,US,NiSource Inc.,"[38.25, 43.99, 45.69]","[-0.4376, -0.4182, -0.3863]","[-0.3575, -0.3696, -0.3729]","[296376100.0, 293119300.0, 290246700.0]","[295407033.0, 295445833.0, 296291233.0]",19686472484.304462,137573497.97233582,135482875.03051755,0.0068820290246784,21.89,1.9,2025-12-24,1.0,3.0,Utilities,38.25,43.99,45.69,296376100.0,293119300.0,295407033.0,295445833.0,mid,하락(-4.08%) XLU,41.59999847412109,41.599998474121094,2025-12-24,0.0
SRE,US,Sempra,"[37.67, 44.24, 47.31]","[-1.0297, -0.9689, -0.8631]","[-0.7348, -0.7817, -0.7979]","[31969000.0, 28761600.0, 25967000.0]","[31398344.0, 31402333.0, 31130622.0]",57879797481.46259,325875355.4300308,284432232.9788208,0.0049141884622163,27.29,3.25,2025-12-24,2.0,3.0,Utilities,37.67,44.24,47.31,31969000.0,28761600.0,31398344.0,31402333.0,mid,하락(-4.08%) XLU,88.68000030517578,88.68000030517578,2025-12-24,0.0
MDU,US,"MDU Resources Group, Inc.","[38.46, 45.69, 47.46]","[-0.1754, -0.1661, -0.1505]","[-0.0719, -0.0908, -0.1027]","[54431276.0, 51095876.0, 48480776.0]","[53654409.0, 54039476.0, 54408665.0]",3995683994.6182814,52534944.853839874,65207067.45529175,0.0163193754919353,21.72,0.9,2025-12-24,2.0,2.0,Utilities,38.46,45.69,47.46,54431276.0,51095876.0,53654409.0,54039476.0,mid,하락(-4.08%) XLU,19.549999237060547,19.549999237060547,2025-12-24,0.0
KIM,US,Kimco Realty Corporation,"[45.12, 45.94, 47.62]","[-0.0664, -0.0728, -0.0706]","[-0.1073, -0.1004, -0.0945]","[-63838200.0, -71319700.0, -76518700.0]","[-66642489.0, -67541867.0, -68087589.0]",13618372799.046448,93806306.99235916,150452969.5663452,0.0110477934321844,24.23,0.83,2025-12-24,2.0,2.0,Real Estate,45.12,45.94,47.62,-63838200.0,-71319700.0,-66642489.0,-67541867.0,mid,하락(-0.49%) XLRE,20.11000061035156,20.110000610351562,2025-12-24,0.0
