"symbol","market","name","sector","sector_trend","type","base_date","target_date","days_elapsed","close","market_cap","avg_trading_value_20d","today_trading_value","turnover","per","eps","cap_status","upper_closes","lower_closes","rsi_d","macd_d","signal_d","obv_d","signal_obv_9d","signal_obv_20d","ma20","ma50","ma200","break_20high","close_d","latest_close","latest_update","change_rate"
"102120","KR","어보브반도체","Information Technology","상승(+4.98%) TIGER 200 IT","short","2025-12-26","2026-01-25","31","11110.0","197544000000.0","1217300523.0","3023497620.0","0.015305426","69.01","161.0","2025-12-26","2","1","[45.22, 42.12, 52.04]","[-251.8515, -248.3548, -198.1126]","[-263.5526, -260.513, -248.0329]","[184414723.0, 184142581.0, 184203086.0]","[184176413.0, 184160450.0, 184188575.0]","[184157750.0, 184121690.0, 184103528.0, 184077953.0]","[10893.5, 10871.0, 10882.0]","[11547.8, 11590.6, 11649.0]","[11358.25, 11365.1, 11372.35]","0","[11110, 10550, 10750]","11560.0","2026-01-25","4.05"
"322310","KR","오로스테크놀로지","Industrials","상승(+9.19%) KODEX 산업재","short","2025-12-26","2026-01-25","31","24050.0","225265000000.0","1322399368.0","4098745300.0","0.018195189","37.7","638.0","2025-12-26","1","3","[47.47, 45.9, 54.66]","[-423.1833, -404.4914, -277.545]","[-566.4736, -534.0772, -482.7707]","[5960456.0, 5790030.0, 5813943.0]","[5832895.0, 5829759.0, 5851739.0]","[5835300.0, 5824782.0, 5820579.0, 5813495.0]","[22897.5, 22822.5, 22812.5]","[24461.0, 24594.0, 24746.0]","[22572.5, 22569.0, 22569.5]","1","[24050, 22700, 22950]","24400.0","2026-01-25","1.46"
"389020","KR","자람테크놀로지","Information Technology","상승(+4.98%) TIGER 200 IT","short","2025-12-26","2026-01-25","31","39050.0","242021000000.0","1993963153.0","4587398750.0","0.01895452","120.9","323.0","2025-12-26","1","1","[46.22, 44.99, 57.75]","[-220.2528, -304.8178, -32.556]","[-34.262, -88.3732, -77.2098]","[45718232.0, 45600757.0, 45620789.0]","[45633614.0, 45632514.0, 45647839.0]","[45580677.0, 45562448.0, 45550691.0, 45536493.0]","[36700.0, 36392.5, 36310.0]","[37045.0, 37022.0, 37102.0]","[38779.25, 38796.25, 38838.5]","0","[39050, 34850, 35250]","38300.0","2026-01-25","-1.92"
"232140","KR","와이씨","Industrials","상승(+9.19%) KODEX 산업재","short","2025-12-26","2026-01-25","31","14780.0","1212630000000.0","8629254459.0","24658508600.0","0.02033473","107.88","137.0","2025-12-26","2","2","[51.32, 47.41, 58.38]","[86.5151, 52.0407, 121.7597]","[128.4281, 113.1506, 114.8725]","[771714434.0, 770046064.0, 770311808.0]","[770221446.0, 770055866.0, 770032211.0]","[769943144.0, 769731513.0, 769593220.0, 769429199.0]","[14076.5, 13955.0, 13892.0]","[13778.8, 13789.2, 13824.4]","[11693.3, 11675.05, 11661.55]","0","[14780, 13560, 13940]","14580.0","2026-01-25","-1.35"
"005680","KR","삼영전자","Utilities","상승(+4.10%) TIGER KRX 기후변화솔루션","short","2025-12-26","2026-01-25","31","10900.0","218000000000.0","334725430.5","1271343300.0","0.00583185","19.5","559.0","2025-12-26","1","1","[56.83, 56.32, 62.12]","[79.0602, 78.0152, 89.071]","[62.7936, 65.8379, 70.4845]","[12196382.0, 12079745.0, 12089992.0]","[12116684.0, 12106293.0, 12101413.0]","[12070800.0, 12058070.0, 12051672.0, 12044252.0]","[10644.5, 10611.5, 10593.0]","[10567.0, 10559.6, 10555.6]","[10658.45, 10655.25, 10652.5]","1","[10900, 10740, 10750]","11010.0","2026-01-25","1.01"
"080580","KR","오킨스전자","Information Technology","상승(+4.98%) TIGER 200 IT","short","2025-12-26","2026-01-25","31","10960.0","221186000000.0","4659368580.0","17233591680.0","0.077914587","0.0","0.0","2025-12-26","1","4","[49.99, 48.25, 62.87]","[290.7714, 232.7492, 310.6776]","[301.5372, 287.7796, 292.3592]","[80320096.0, 78747688.0, 78854988.0]","[79499664.0, 79392836.0, 79434174.0]","[78608940.0, 78391698.0, 78260982.0, 78109067.0]","[9709.5, 9566.5, 9517.0]","[9317.2, 9299.4, 9311.0]","[7112.08, 7085.32, 7065.82]","1","[10960, 9380, 9530]","10910.0","2026-01-25","-0.46"
"452430","KR","사피엔반도체","Information Technology","상승(+4.98%) TIGER 200 IT","short","2025-12-26","2026-01-25","31","36000.0","295850000000.0","2908185923.0","6135624000.0","0.020738993","0.0","0.0","2025-12-26","1","1","[54.22, 54.81, 64.35]","[1006.6006, 936.3307, 1101.9445]","[1171.9669, 1124.8397, 1120.2606]","[35131183.0, 34960749.0, 34908971.0]","[35019501.0, 35028720.0, 35045392.0]","[35003270.0, 34982079.0, 34958711.0, 34927756.0]","[33455.0, 33222.5, 33052.5]","[30584.0, 30483.0, 30437.0]","[25403.1, 25316.0, 25239.4]","1","[36000, 33100, 32950]","36300.0","2026-01-25","0.83"
"399720","KR","가온칩스","Information Technology","상승(+4.98%) TIGER 200 IT","short","2025-12-26","2026-01-25","31","55000.0","638023000000.0","5666154803.0","40675745000.0","0.063752778","83.97","655.0","2025-12-26","2","2","[47.68, 45.57, 64.68]","[-717.167, -715.6228, -72.0697]","[-532.965, -569.4966, -470.0112]","[38107540.0, 37367981.0, 37414028.0]","[37465844.0, 37393519.0, 37408392.0]","[37489840.0, 37434985.0, 37419539.0, 37395175.0]","[49530.0, 49095.0, 49077.5]","[50051.0, 50125.0, 50382.0]","[46106.75, 46066.0, 46068.75]","1","[55000, 47050, 47750]","62400.0","2026-01-25","13.45"
"005930","KR","삼성전자","Information Technology","상승(+4.98%) TIGER 200 IT","short","2025-12-26","2026-01-25","31","117000.0","692598000000000.0","1967910000000.0","3977980000000.0","0.005743563","23.64","4950.0","2025-12-26","2","2","[61.89, 61.01, 68.17]","[2421.0121, 2530.4744, 3058.0533]","[2265.2362, 2318.2838, 2466.2377]","[357185170.0, 323185358.0, 335678297.0]","[324729975.0, 324366266.0, 326201390.0]","[337655147.0, 335673775.0, 334569743.0, 331775316.0]","[107215.0, 106540.0, 106125.0]","[103176.0, 102790.0, 102468.0]","[74253.5, 73938.5, 73655.5]","1","[117000, 111100, 111500]","152100.0","2026-01-25","30.0"
"097520","KR","엠씨넥스","Information Technology","상승(+4.98%) TIGER 200 IT","short","2025-12-26","2026-01-25","31","30350.0","528090000000.0","1449231123.0","11117508500.0","0.021052299","8.29","3661.0","2025-12-26","1","1","[57.11, 56.46, 71.09]","[151.7903, 174.0715, 353.0773]","[-47.0547, -2.8295, 68.3519]","[2243952.0, 1877642.0, 1903517.0]","[1926084.0, 1886351.0, 1883174.0]","[1876746.0, 1853686.0, 1850104.0, 1844201.0]","[27750.0, 27527.5, 27417.5]","[28381.0, 28415.0, 28489.0]","[27431.0, 27395.5, 27368.25]","1","[30350, 28300, 28350]","30200.0","2026-01-25","-0.49"
"200710","KR","에이디테크놀로지","Information Technology","상승(+4.98%) TIGER 200 IT","short","2025-12-26","2026-01-25","31","35300.0","474461000000.0","17782314793.0","158903000000.0","0.334912775","0.0","0.0","2025-12-26","2","1","[54.59, 51.98, 72.1]","[584.2202, 527.2085, 1090.7781]","[777.7623, 727.6515, 800.2768]","[45854977.0, 41353474.0, 41480307.0]","[41854592.0, 41380380.0, 41406334.0]","[42141368.0, 41871735.0, 41834343.0, 41776879.0]","[28937.5, 28375.0, 28222.5]","[26192.0, 26013.0, 26003.0]","[21211.65, 21127.65, 21081.25]","1","[35300, 27600, 28150]","35550.0","2026-01-25","0.71"
"394280","KR","오픈엣지테크놀로지","Information Technology","상승(+4.98%) TIGER 200 IT","short","2025-12-26","2026-01-25","31","14760.0","325599000000.0","3445540007.0","36158988960.0","0.111053615","0.0","0.0","2025-12-26","2","2","[53.13, 52.34, 72.42]","[-79.0563, -51.3919, 187.8481]","[-57.3198, -56.1342, -7.3378]","[43734125.0, 41284329.0, 41376276.0]","[41569254.0, 41309819.0, 41342332.0]","[41759702.0, 41651179.0, 41669787.0, 41675800.0]","[12114.0, 11928.5, 11891.0]","[12133.8, 12103.2, 12131.0]","[12727.8, 12725.65, 12736.45]","1","[14760, 12040, 12100]","13440.0","2026-01-25","-8.94"
"006805","KR","미래에셋증권우","Financials","상승(+4.01%) TIGER 200 금융","short","2025-12-26","2026-01-25","31","16100.0","226620000000.0","18924814767.0","169628000000.0","0.748514431","0.0","0.0","2025-12-26","1","1","[82.87, 63.08, 73.05]","[494.0492, 584.2854, 868.4957]","[167.1132, 250.5476, 374.1372]","[13771128.0, 3235226.0, 10756643.0]","[5978219.0, 4902430.0, 4990287.0]","[4895578.0, 4403073.0, 4439046.0, 4097137.0]","[11546.5, 11260.5, 11119.0]","[11190.8, 11082.4, 11023.4]","[8461.12, 8403.17, 8359.12]","1","[16100, 13340, 15260]","16600.0","2026-01-25","3.11"
"003800","KR","에이스침대","Consumer Discretionary","상승(+11.87%) TIGER 200 경기소비재","short","2025-12-29","2026-01-28","30","31250.0","346562500000.0","475614950.0","1418812500.0","0.0040939585211902","5.01","6243.0","2025-12-29","0","1","[52.62, 48.23, 54.21]","[509.4335, 409.4286, 390.2289]","[623.5151, 580.6978, 542.604]","[-144075.0, -189477.0, -177332.0]","[-169166.0, -170009.0, -167227.0]","[-195055.0, -200952.0, -203794.0, -206871.0]","[31130.0, 31042.5, 31060.0]","[29535.0, 29461.0, 29414.0]","[28102.75, 28072.25, 28046.5]","0","[31250, 30450, 31000]","33750.0","2026-01-28","8.0"
"001440","KR","대한전선","Utilities","상승(+4.10%) TIGER KRX 기후변화솔루션","short","2025-12-29","2026-01-28","30","23750.0","4428123375000.0","66160738150.0","156086306250.0","0.0352488612063569","58.07","409.0","2025-12-29","1","4","[48.49, 44.75, 55.31]","[103.8142, 15.3626, 93.4661]","[211.0702, 171.9287, 156.2362]","[470917264.0, 464345209.0, 466103737.0]","[466860198.0, 467060959.0, 467369898.0]","[465547160.0, 465035638.0, 464954444.0, 464649790.0]","[22892.5, 22815.0, 22835.0]","[22741.0, 22617.4, 22537.4]","[16505.95, 16449.45, 16401.6]","0","[23750, 21900, 22550]","27000.0","2026-01-28","13.68"
"000490","KR","대동","Industrials","상승(+9.19%) KODEX 산업재","short","2025-12-29","2026-01-28","30","9970.0","263134800260.0","1172806782.5","2784790490.0","0.0105831326272632","0.0","0.0","2025-12-29","1","4","[47.46, 44.62, 56.72]","[50.9243, 25.7091, 47.1422]","[63.5242, 55.9612, 54.1974]","[88961968.0, 88682651.0, 88794052.0]","[88941191.0, 88981041.0, 89028572.0]","[88769417.0, 88749104.0, 88740401.0, 88728834.0]","[9702.5, 9684.5, 9685.0]","[9623.6, 9621.0, 9625.6]","[10222.15, 10230.9, 10244.55]","0","[9970, 9450, 9570]","9890.0","2026-01-28","-0.8"
"199820","KR","제일일렉트릭","Industrials","상승(+9.19%) KODEX 산업재","short","2025-12-29","2026-01-28","30","9750.0","216645000000.0","4491832962.5","71040781500.0","0.3279133213321332","21.01","464.0","2025-12-29","0","3","[39.89, 37.8, 57.61]","[-253.5363, -261.6086, -178.7979]","[-257.7367, -258.5111, -242.5684]","[334643445.0, 327357211.0, 327420040.0]","[328259513.0, 327489557.0, 327542069.0]","[327983077.0, 327654848.0, 327686832.0, 327712646.0]","[9143.0, 9133.5, 9170.0]","[9797.2, 9808.6, 9849.2]","[9955.15, 9958.4, 9969.15]","1","[9750, 8670, 8800]","10250.0","2026-01-28","5.13"
"251370","KR","와이엠티","Energy","상승(+10.51%) KODEX 에너지화학","short","2025-12-29","2026-01-28","30","12160.0","214307961600.0","701548963.0","2564775040.0","0.0119677076896801","0.0","0.0","2025-12-29","2","3","[39.1, 41.18, 58.22]","[-317.8998, -312.508, -207.4003]","[-340.2389, -334.6927, -309.2342]","[2327226.0, 2116307.0, 2080663.0]","[2143998.0, 2130177.0, 2143638.0]","[2200698.0, 2193812.0, 2194124.0, 2198009.0]","[11366.5, 11344.5, 11362.0]","[12073.0, 12104.2, 12156.0]","[10823.55, 10809.5, 10800.35]","1","[12160, 10940, 10830]","11740.0","2026-01-28","-3.45"
"267270","KR","HD현대건설기계","Industrials","상승(+9.19%) KODEX 산업재","short","2025-12-29","2026-01-28","30","104500.0","1813870558500.0","20044045820.0","54794888500.0","0.030208819611314","18.68","5595.0","2025-12-29","1","2","[43.76, 41.99, 58.86]","[357.4481, -79.97, 479.6593]","[1286.0831, 1012.8725, 906.2299]","[14777849.0, 14253496.0, 14466721.0]","[14769525.0, 14863477.0, 14989453.0]","[14655422.0, 14615814.0, 14608608.0, 14595533.0]","[98960.0, 98425.0, 98495.0]","[98020.0, 97818.0, 97838.0]","[84284.0, 84146.5, 84066.0]","0","[104500, 93200, 94400]","107300.0","2026-01-28","2.68"
"079900","KR","전진건설로봇","Industrials","상승(+9.19%) KODEX 산업재","short","2025-12-29","2026-01-28","30","50200.0","732545759000.0","4330136827.5","10195318800.0","0.013917654528391","22.44","2237.0","2025-12-29","1","2","[47.1, 46.91, 59.23]","[346.3358, 228.9875, 417.6293]","[586.6154, 515.0898, 495.5977]","[112508923.0, 112305829.0, 112334689.0]","[112451284.0, 112479910.0, 112503543.0]","[112370351.0, 112354115.0, 112344946.0, 112338794.0]","[47920.0, 47792.5, 47837.5]","[46737.0, 46771.0, 46779.0]","[48692.25, 48736.75, 48797.0]","0","[50200, 46650, 46700]","51800.0","2026-01-28","3.19"
"022100","KR","포스코DX","Industrials","상승(+9.19%) KODEX 산업재","short","2025-12-29","2026-01-28","30","29900.0","4545838397100.0","50326827602.5","102851843900.0","0.0226254949946337","51.55","580.0","2025-12-29","3","2","[61.09, 54.68, 60.62]","[619.636, 617.5879, 752.535]","[456.4588, 488.6847, 541.4547]","[98262775.0, 94822914.0, 96993039.0]","[95414336.0, 95006954.0, 94584972.0]","[93133558.0, 92708791.0, 92442613.0, 92081723.0]","[27450.0, 27225.0, 27072.5]","[26731.0, 26633.0, 26531.0]","[24536.0, 24510.5, 24481.0]","1","[29900, 28100, 29450]","40850.0","2026-01-28","36.62"
"036890","KR","진성티이씨","Industrials","상승(+9.19%) KODEX 산업재","short","2025-12-29","2026-01-28","30","14160.0","311981941680.0","1756305422.0","5458623360.0","0.0174966003820788","13.5","1049.0","2025-12-29","2","1","[48.92, 48.92, 63.43]","[178.3791, 144.8314, 206.2419]","[225.5264, 209.3874, 208.7583]","[15731475.0, 15345979.0, 15345979.0]","[15536506.0, 15569458.0, 15611754.0]","[15415788.0, 15378918.0, 15363739.0, 15351654.0]","[13285.0, 13201.0, 13177.5]","[12939.2, 12913.8, 12912.8]","[11461.2, 11443.35, 11430.15]","0","[14160, 13040, 13040]","13660.0","2026-01-28","-3.53"
"033240","KR","자화전자","Information Technology","상승(+4.98%) TIGER 200 IT","short","2025-12-29","2026-01-28","30","25600.0","556969881600.0","6637979153.0","18310144000.0","0.0328745675572271","32.41","790.0","2025-12-29","2","0","[59.65, 56.49, 68.48]","[839.0292, 794.9437, 990.6609]","[696.0857, 715.8573, 770.818]","[4720906.0, 4005666.0, 4136439.0]","[4157281.0, 4108050.0, 4160463.0]","[3258759.0, 3080581.0, 2942159.0, 2793593.0]","[22022.0, 21629.5, 21388.5]","[21097.8, 21048.8, 21063.8]","[17038.15, 16977.05, 16932.45]","1","[25600, 22600, 23050]","22850.0","2026-01-28","-10.74"
"049070","KR","인탑스","Information Technology","상승(+4.98%) TIGER 200 IT","short","2025-12-29","2026-01-28","30","19820.0","340904000000.0","4997081917.0","75673255500.0","0.2219781976744186","14.74","1345.0","2025-12-29","1","3","[50.94, 49.7, 78.5]","[135.9671, 112.9542, 458.1953]","[141.3037, 135.6338, 200.1461]","[2056139.0, -1761886.0, -1735483.0]","[-1292754.0, -1699690.0, -1687519.0]","[-1611523.0, -1829732.0, -1860851.0, -1894617.0]","[15726.5, 15456.0, 15369.5]","[15311.4, 15235.2, 15260.0]","[15946.0, 15936.75, 15951.9]","1","[19820, 15250, 15340]","22000.0","2026-01-28","11.0"
"336570","KR","원텍","Health Care","하락(-2.95%) TIGER 헬스케어","short","2025-12-30","2026-01-29","30","7750.0","697258951750.0","3540537176.0","8941485000.0","0.0128237650840601","23.7","327.0","2025-12-30","2","2","[34.78, 42.34, 53.65]","[-166.547, -164.0466, -124.3206]","[-150.8693, -153.5047, -147.6679]","[30643990.0, 29490250.0, 29197962.0]","[30194288.0, 30184089.0, 30347228.0]","[30208529.0, 30162158.0, 30195750.0, 30217012.0]","[7517.0, 7502.5, 7518.0]","[7835.6, 7854.8, 7878.4]","[9227.8, 9220.3, 9216.1]","0","[7750, 7300, 7070]","9390.0","2026-01-29","21.16"
"031330","KR","에스에이엠티","Consumer Discretionary","상승(+11.87%) TIGER 200 경기소비재","short","2025-12-30","2026-01-29","30","4150.0","414979528050.0","5114864821.25","53346407400.0","0.1285519014652993","7.46","556.0","2025-12-30","2","1","[49.06, 43.16, 65.92]","[17.5019, 5.98, 35.9731]","[31.3235, 26.2548, 28.1985]","[30461749.0, 17607193.0, 18520673.0]","[21422538.0, 20352757.0, 20891748.0]","[21419944.0, 20913027.0, 21073944.0, 21149172.0]","[3825.75, 3806.5, 3816.25]","[3741.8, 3732.9, 3729.8]","[3138.7, 3131.62, 3126.9]","1","[4150, 3660, 3755]","4595.0","2026-01-29","10.72"
"037460","KR","삼지전자","Information Technology","상승(+4.98%) TIGER 200 IT","short","2025-12-30","2026-01-29","30","14740.0","240535014280.0","817841530.5","1797675660.0","0.0074736547831966","3.68","4009.0","2025-12-30","1","0","[68.39, 57.26, 67.08]","[396.5592, 359.8387, 377.2247]","[400.9845, 392.7554, 389.6492]","[4845294.0, 4723335.0, 4803670.0]","[4797977.0, 4786876.0, 4794329.0]","[4766973.0, 4752803.0, 4740790.0, 4726500.0]","[14110.0, 14036.0, 13988.5]","[13180.4, 13136.4, 13106.8]","[11505.55, 11481.05, 11461.2]","1","[14740, 14110, 14480]","21900.0","2026-01-29","48.58"
"033920","KR","무학","Consumer Staples","상승(+1.11%) KODEX 필수소비재","short","2025-12-30","2026-01-29","30","9450.0","269325000000.0","696042724.5","5351412150.0","0.0198697192982456","5.17","1828.0","2025-12-30","1","2","[52.66, 45.72, 67.78]","[92.139, 65.6162, 132.6354]","[87.5901, 83.1953, 93.0833]","[14217849.0, 13651562.0, 13698011.0]","[13796102.0, 13755747.0, 13787350.0]","[13807080.0, 13786781.0, 13796534.0, 13802849.0]","[8563.5, 8496.0, 8486.5]","[8422.2, 8384.4, 8374.8]","[7833.75, 7819.2, 7810.5]","1","[9450, 8340, 8570]","8890.0","2026-01-29","-5.93"
"047560","KR","이스트소프트","Information Technology","상승(+16.26%) TIGER 200 IT","short","2026-01-02","2026-02-01","31","17750.0","208250668000.0","589914487.5","1569650250.0","0.0075373119571457","0.0","0.0","2026-01-02","2","1","[37.61, 37.44, 49.8]","[-680.8225, -661.8608, -558.0946]","[-645.5899, -648.8441, -630.6942]","[92602509.0, 92514078.0, 92540753.0]","[92558669.0, 92561718.0, 92578146.0]","[92626694.0, 92631807.0, 92642975.0, 92649139.0]","[17549.5, 17597.0, 17700.5]","[19032.4, 19109.4, 19208.8]","[20289.6, 20292.45, 20300.8]","0","[17750, 16730, 16750]","18700.0","2026-02-01","5.35"
"402030","KR","코난테크놀로지","Information Technology","상승(+16.26%) TIGER 200 IT","short","2026-01-02","2026-02-01","31","21750.0","272255364000.0","646648113.5","1379211000.0","0.0050658726415395","0.0","0.0","2026-01-02","1","1","[37.15, 33.81, 52.85]","[-800.6989, -813.508, -651.5379]","[-809.4475, -810.2596, -778.5153]","[13881639.0, 13818227.0, 13843651.0]","[13841003.0, 13834902.0, 13837566.0]","[13909007.0, 13918666.0, 13930429.0, 13939067.0]","[21075.5, 21113.0, 21240.0]","[22917.2, 23005.2, 23122.0]","[26932.57, 26926.45, 26928.82]","0","[21750, 19710, 20200]","23100.0","2026-02-01","6.21"
"025860","KR","남해화학","Consumer Staples","하락(-3.16%) KODEX 필수소비재","short","2026-01-02","2026-02-01","31","6720.0","333841824960.0","326509425.5","1200870720.0","0.0035971248364218","12.8","525.0","2026-01-02","1","2","[51.66, 48.03, 53.32]","[47.2158, 38.019, 35.1666]","[45.12, 43.6998, 41.9931]","[9626947.0, 9448246.0, 9469363.0]","[9500153.0, 9484731.0, 9489164.0]","[9462354.0, 9448410.0, 9444642.0, 9440732.0]","[6708.0, 6698.5, 6692.5]","[6621.0, 6623.6, 6627.2]","[6947.65, 6946.55, 6945.85]","0","[6720, 6660, 6700]","6860.0","2026-02-01","2.08"
"161890","KR","한국콜마","Materials","하락(-1.55%) KODEX 소재산업","short","2026-01-02","2026-02-01","31","65400.0","1543772035800.0","7338450990.0","17765844600.0","0.0115080751484098","17.08","3830.0","2026-01-02","2","2","[37.92, 37.92, 53.41]","[-1625.8144, -1571.7851, -1248.2945]","[-1627.5367, -1616.3864, -1542.768]","[213225.0, -58424.0, -58424.0]","[10273.0, -5421.0, 23192.0]","[71742.0, 69087.0, 74717.0, 85370.0]","[63785.0, 63800.0, 63965.0]","[67390.0, 67622.0, 67904.0]","[78162.0, 78144.5, 78151.0]","0","[65400, 62100, 62100]","69900.0","2026-02-01","6.88"
"090435","KR","아모레퍼시픽우","Materials","하락(-1.55%) KODEX 소재산업","short","2026-01-02","2026-02-01","31","45350.0","478797590500.0","608341497.5","1272793100.0","0.002658311414372","0.0","0.0","2026-01-02","1","1","[42.48, 44.18, 53.64]","[-323.2591, -352.4386, -243.6483]","[-30.4849, -94.8757, -124.6302]","[1163149.0, 1135083.0, 1128778.0]","[1143958.0, 1143580.0, 1147793.0]","[1161081.0, 1162895.0, 1166113.0, 1168228.0]","[44922.5, 45042.5, 45242.5]","[44363.0, 44259.0, 44188.0]","[41479.0, 41427.25, 41385.5]","0","[45350, 43750, 43500]","51500.0","2026-02-01","13.56"
"352480","KR","씨앤씨인터내셔널","Materials","하락(-1.55%) KODEX 소재산업","short","2026-01-02","2026-02-01","31","32900.0","448423742900.0","913496507.5","2182454400.0","0.0048669465757674","10.14","3245.0","2026-01-02","1","4","[39.38, 34.92, 54.09]","[-642.7233, -740.2745, -549.0081]","[-817.8585, -802.3417, -751.675]","[-1635507.0, -1701843.0, -1662636.0]","[-1638972.0, -1636834.0, -1630022.0]","[-1660163.0, -1657296.0, -1651852.0, -1647091.0]","[31387.5, 31400.0, 31535.0]","[33535.0, 33651.0, 33828.0]","[37684.0, 37685.5, 37706.5]","0","[32900, 29650, 30600]","38050.0","2026-02-01","15.65"
"068760","KR","셀트리온제약","Health Care","하락(-0.08%) TIGER 헬스케어","short","2026-01-02","2026-02-01","31","61900.0","2703910848000.0","6231336377.25","21150734800.0","0.007822275211346","124.8","496.0","2026-01-02","2","2","[43.18, 37.6, 55.03]","[10.1943, -207.485, -64.5559]","[271.6101, 175.7911, 127.7217]","[4816939.0, 4475247.0, 4570747.0]","[4595588.0, 4574348.0, 4599295.0]","[4623159.0, 4613894.0, 4624969.0, 4624921.0]","[60976.45, 60940.95, 61149.45]","[60933.82, 60837.24, 60793.16]","[53134.06, 53082.95, 53052.81]","0","[61900, 58000, 59400]","73100.0","2026-02-01","18.09"
"285490","KR","노바텍","Consumer Discretionary","상승(+9.47%) TIGER 200 경기소비재","short","2026-01-02","2026-02-01","31","21800.0","230553115800.0","890224780.0","5179592800.0","0.0224659414470598","12.58","1733.0","2026-01-02","2","1","[54.4, 42.52, 55.23]","[374.0134, 235.7495, 264.3376]","[271.3664, 264.243, 264.2619]","[11717569.0, 11479973.0, 11555850.0]","[11539496.0, 11508907.0, 11504717.0]","[11488802.0, 11476886.0, 11479288.0, 11472539.0]","[21107.5, 21072.5, 21155.0]","[20656.0, 20661.0, 20704.0]","[19240.0, 19206.0, 19180.75]","0","[21800, 20050, 21500]","30100.0","2026-02-01","38.07"
"000430","KR","대원강업","Consumer Discretionary","상승(+9.47%) TIGER 200 경기소비재","short","2026-01-02","2026-02-01","31","3990.0","247380000000.0","277500754.75","593472600.0","0.0023990322580645","10.47","381.0","2026-01-02","3","2","[42.21, 49.44, 57.06]","[-26.7885, -23.2894, -10.311]","[-5.3043, -8.9013, -9.1833]","[10076696.0, 9927956.0, 9878956.0]","[9954410.0, 9951421.0, 9962889.0]","[10029245.0, 10016758.0, 10008482.0, 10002656.0]","[3919.75, 3915.25, 3913.0]","[3902.5, 3899.5, 3898.6]","[3796.98, 3795.88, 3795.62]","0","[3990, 3865, 3770]","4170.0","2026-02-01","4.51"
"194480","KR","데브시스터즈","Information Technology","상승(+16.26%) TIGER 200 IT","short","2026-01-02","2026-02-01","31","33250.0","403294237500.0","1724623337.5","4255434750.0","0.0105516874636722","12.81","2595.0","2026-01-02","3","1","[43.26, 41.84, 58.96]","[-1325.321, -1210.0098, -870.5493]","[-1806.1946, -1686.9576, -1523.676]","[2998920.0, 2870937.0, 2902870.0]","[2894900.0, 2881837.0, 2877562.0]","[2956045.0, 2969620.0, 2985948.0, 2996563.0]","[30242.5, 30227.5, 30350.0]","[34352.0, 34602.0, 34941.0]","[41555.75, 41560.25, 41585.75]","1","[33250, 30300, 30550]","38450.0","2026-02-01","15.64"
"003350","KR","한국화장품제조","Materials","하락(-1.55%) KODEX 소재산업","short","2026-01-02","2026-02-01","31","51800.0","234757600000.0","932064370.0","8317992200.0","0.0354322594880847","8.12","6382.0","2026-01-02","1","0","[39.38, 38.75, 59.03]","[-702.658, -703.357, -464.5501]","[-753.891, -743.7842, -687.9374]","[20054586.0, 19894007.0, 19910151.0]","[19947999.0, 19938234.0, 19947148.0]","[19964796.0, 19962754.0, 19969153.0, 19975355.0]","[49755.0, 49720.0, 49870.0]","[51322.0, 51342.0, 51432.0]","[54760.25, 54739.25, 54732.5]","1","[51800, 48900, 49000]","49650.0","2026-02-01","-4.15"
"256940","KR","킵스파마","Health Care","하락(-0.08%) TIGER 헬스케어","short","2026-01-02","2026-02-01","31","11530.0","231501034910.0","1301171157.0","3491053400.0","0.0150800768616745","195.42","59.0","2026-01-02","1","1","[47.91, 46.82, 59.37]","[225.2651, 169.3919, 213.8286]","[364.3082, 325.3249, 303.0257]","[25553576.0, 25250796.0, 25308202.0]","[25437614.0, 25442646.0, 25492367.0]","[25392505.0, 25366344.0, 25353020.0, 25333690.0]","[10998.5, 10930.5, 10918.0]","[10007.4, 9973.2, 9962.6]","[12281.75, 12268.25, 12261.05]","0","[11530, 10400, 10490]","10440.0","2026-02-01","-9.45"
"090430","KR","아모레퍼시픽","Materials","하락(-1.55%) KODEX 소재산업","short","2026-01-02","2026-02-01","31","126900.0","7422731117100.0","18259439755.0","52136103600.0","0.0070238437547457","14.75","8601.0","2026-01-02","2","2","[42.13, 41.65, 59.7]","[-1261.0505, -1300.0082, -725.4023]","[-938.761, -1011.0104, -953.8888]","[6564090.0, 6153246.0, 6236033.0]","[6277191.0, 6248481.0, 6285209.0]","[6202556.0, 6177954.0, 6183329.0, 6177564.0]","[122045.0, 121940.0, 122235.0]","[123512.0, 123348.0, 123348.0]","[123851.5, 123789.0, 123777.0]","1","[126900, 119500, 119700]","138800.0","2026-02-01","9.38"
"450950","KR","아스테라시스","Health Care","하락(-0.08%) TIGER 헬스케어","short","2026-01-02","2026-02-01","31","14060.0","527349713520.0","2892985769.0","7864601600.0","0.0149134462357145","81.27","173.0","2026-01-02","3","1","[45.42, 43.23, 59.97]","[-484.0288, -454.6686, -291.6694]","[-453.7043, -453.8971, -421.4516]","[140431859.0, 139872499.0, 140019864.0]","[140067433.0, 140075944.0, 140163051.0]","[140654891.0, 140695600.0, 140751730.0, 140788983.0]","[12907.0, 12887.0, 12948.0]","[13945.2, 13964.0, 14009.2]","[11512.15, 11488.55, 11477.7]","0","[14060, 12370, 12580]","14330.0","2026-02-01","1.92"
"192820","KR","코스맥스","Materials","하락(-1.55%) KODEX 소재산업","short","2026-01-02","2026-02-01","31","178000.0","2020212602000.0","9788543035.0","27536422000.0","0.0136304574937999","23.54","7562.0","2026-01-02","2","3","[45.93, 42.58, 60.04]","[-1991.3643, -2100.3914, -965.2941]","[-2937.8749, -2770.3782, -2409.3614]","[4528225.0, 4373526.0, 4436412.0]","[4447060.0, 4439331.0, 4438827.0]","[4336377.0, 4318661.0, 4310619.0, 4301766.0]","[166020.0, 165270.0, 165290.0]","[174482.0, 175052.0, 175982.0]","[204194.5, 204164.5, 204271.0]","1","[178000, 163000, 165700]","202500.0","2026-02-01","13.76"
"237880","KR","클리오","Materials","하락(-1.55%) KODEX 소재산업","short","2026-01-02","2026-02-01","31","13900.0","251191806700.0","623826398.0","2112452500.0","0.008409718962382","8.97","1550.0","2026-01-02","1","4","[38.68, 37.27, 60.09]","[-88.0047, -107.2012, -51.6179]","[-71.5337, -78.6672, -73.2574]","[511827.0, 359852.0, 384394.0]","[448776.0, 458063.0, 476778.0]","[427808.0, 422800.0, 424196.0, 422392.0]","[13416.5, 13405.0, 13436.0]","[13636.2, 13640.2, 13658.8]","[15738.4, 15768.15, 15798.9]","1","[13900, 13030, 13090]","13260.0","2026-02-01","-4.6"
"251370","KR","와이엠티","Energy","상승(+2.35%) KODEX 에너지화학","short","2026-01-02","2026-02-01","31","12640.0","222767486400.0","900353804.5","3073441280.0","0.0137966331158459","0.0","0.0","2026-01-02","2","3","[58.22, 52.94, 61.36]","[-207.4003, -153.7985, -40.6485]","[-309.2342, -278.1471, -230.6473]","[2344579.0, 2101427.0, 2313313.0]","[2152451.0, 2128277.0, 2128821.0]","[2182898.0, 2177084.0, 2185434.0, 2178477.0]","[11393.5, 11354.0, 11366.5]","[12044.0, 12054.4, 12073.0]","[10850.55, 10836.55, 10823.55]","1","[12640, 11770, 12160]","11740.0","2026-02-01","-7.12"
"110990","KR","디아이티","Industrials","상승(+4.62%) KODEX 산업재","short","2026-01-02","2026-02-01","31","15690.0","296541000000.0","1321603070.0","2822882040.0","0.009519365079365","9.99","1570.0","2026-01-02","1","2","[52.19, 51.08, 61.95]","[7.6558, 14.0998, 108.3326]","[-100.421, -77.5168, -40.347]","[23671388.0, 23491472.0, 23557959.0]","[23529581.0, 23497544.0, 23479560.0]","[23512160.0, 23515570.0, 23524224.0, 23532917.0]","[14476.0, 14407.0, 14389.0]","[14775.2, 14770.4, 14797.0]","[13917.75, 13908.9, 13905.75]","1","[15690, 14570, 14660]","21900.0","2026-02-01","39.58"
"016610","KR","DB증권","Financials","상승(+2.47%) TIGER 200 금융","short","2026-01-02","2026-02-01","31","10930.0","463939031770.0","977980464.0","2082995680.0","0.004489804774677","8.86","1233.0","2026-01-02","4","0","[55.71, 60.14, 62.31]","[131.5255, 134.753, 142.1279]","[143.8054, 141.9949, 142.0215]","[21825739.0, 21635163.0, 21580481.0]","[21683625.0, 21656625.0, 21639398.0]","[21687962.0, 21685488.0, 21685419.0, 21694310.0]","[10703.5, 10692.0, 10673.5]","[10358.2, 10338.4, 10322.0]","[8505.45, 8479.75, 8454.25]","1","[10930, 10850, 10700]","13540.0","2026-02-01","23.88"
"045100","KR","한양이엔지","Industrials","상승(+4.62%) KODEX 산업재","short","2026-01-02","2026-02-01","31","22600.0","406800000000.0","1353249280.0","3590010000.0","0.008825","4.99","4527.0","2026-01-02","1","3","[55.05, 53.24, 63.87]","[188.1067, 181.6899, 274.307]","[215.5899, 208.8099, 221.9093]","[9031813.0, 8872963.0, 8915521.0]","[8931887.0, 8914499.0, 8912112.0]","[8838219.0, 8811836.0, 8791090.0, 8770878.0]","[21290.0, 21187.5, 21135.0]","[20749.8, 20689.8, 20658.8]","[18528.05, 18499.1, 18476.95]","1","[22600, 21350, 21500]","31400.0","2026-02-01","38.94"
"232140","KR","와이씨","Industrials","상승(+4.62%) KODEX 산업재","short","2026-01-02","2026-02-01","31","15700.0","1288111995000.0","10475249830.0","29966307400.0","0.0232637437709754","114.6","137.0","2026-01-02","2","1","[56.41, 55.24, 64.1]","[159.8386, 179.0761, 289.4293]","[123.8657, 134.9078, 165.8121]","[744037547.0, 742128865.0, 742901150.0]","[742546924.0, 742290711.0, 742207560.0]","[742243168.0, 742061162.0, 741963642.0, 741803474.0]","[14313.0, 14210.5, 14159.5]","[13798.8, 13772.4, 13777.0]","[11762.1, 11734.5, 11713.85]","1","[15700, 14480, 14590]","19730.0","2026-02-01","25.67"
"214420","KR","토니모리","Materials","하락(-1.55%) KODEX 소재산업","short","2026-01-02","2026-02-01","31","9460.0","227558398540.0","1256136101.5","7604156120.0","0.0334162842100655","13.81","685.0","2026-01-02","2","2","[42.78, 43.11, 65.94]","[-131.4599, -129.3087, -40.7935]","[-113.2687, -116.4767, -101.3401]","[98726388.0, 97922566.0, 97817503.0]","[98035495.0, 97971305.0, 98012127.0]","[98038684.0, 97995084.0, 97980951.0, 97963926.0]","[8647.5, 8612.0, 8607.0]","[8792.0, 8786.6, 8803.4]","[9687.5, 9681.6, 9682.85]","1","[9460, 8390, 8380]","8840.0","2026-02-01","-6.55"
"263750","KR","펄어비스","Information Technology","상승(+16.26%) TIGER 200 IT","short","2026-01-02","2026-02-01","31","39800.0","2557064629000.0","6892522422.5","14541288200.0","0.0056867112528503","40.53","982.0","2026-01-02","2","1","[50.97, 52.61, 66.89]","[-50.0821, -18.0635, 198.6811]","[30.2326, 20.5734, 56.1949]","[-1701319.0, -2066678.0, -2169489.0]","[-2073517.0, -2065995.0, -2001355.0]","[-1624877.0, -1585360.0, -1534497.0, -1490554.0]","[37485.0, 37430.0, 37462.5]","[36893.0, 36831.0, 36813.0]","[36072.5, 36031.25, 36000.5]","1","[39800, 37400, 37200]","57200.0","2026-02-01","43.72"
"104830","KR","원익머트리얼즈","Energy","상승(+2.35%) KODEX 에너지화학","short","2026-01-02","2026-02-01","31","34350.0","433084800000.0","1830653675.0","9743377500.0","0.0224976205583756","13.61","2523.0","2026-01-02","0","1","[51.05, 49.97, 67.13]","[-244.2602, -205.8, 101.8916]","[-368.4156, -335.8925, -248.3357]","[3631099.0, 3347449.0, 3414143.0]","[3386277.0, 3353488.0, 3347362.0]","[3409817.0, 3406885.0, 3420278.0, 3427248.0]","[30822.5, 30680.0, 30727.5]","[31705.0, 31666.0, 31720.0]","[25291.9, 25217.05, 25159.6]","1","[34350, 30900, 31050]","40150.0","2026-02-01","16.89"
"042700","KR","한미반도체","Industrials","상승(+4.62%) KODEX 산업재","short","2026-01-02","2026-02-01","31","144500.0","13772612900000.0","166244848295.0","485114677500.0","0.0352231403744746","90.94","1589.0","2026-01-02","2","3","[58.63, 54.46, 68.3]","[907.3026, 1067.0025, 2544.0666]","[-696.0861, -343.4683, 234.0386]","[110577819.0, 107220624.0, 108810078.0]","[108067573.0, 107601529.0, 107443597.0]","[108300230.0, 108250775.0, 108411338.0, 108532623.0]","[123135.0, 121935.0, 121650.0]","[128564.0, 128666.0, 129104.0]","[98312.5, 98027.0, 97827.0]","1","[144500, 127400, 130400]","211000.0","2026-02-01","46.02"
"900290","KR","GRT","Financials","상승(+2.47%) TIGER 200 금융","short","2026-01-02","2026-02-01","31","3555.0","287421750000.0","1148889267.0","5465183265.0","0.019014508348794","0.0","0.0","2026-01-02","1","3","[58.5, 52.47, 69.3]","[52.0404, 47.1989, 78.3663]","[70.1979, 65.5981, 68.1517]","[763546.0, -773777.0, -587425.0]","[-466854.0, -616542.0, -564445.0]","[-303434.0, -420449.0, -465834.0, -531705.0]","[3194.0, 3162.0, 3151.25]","[2956.7, 2942.7, 2938.1]","[3047.0, 3047.65, 3050.7]","1","[3555, 3110, 3200]","3485.0","2026-02-01","-1.97"
"068270","KR","셀트리온","Health Care","하락(-0.08%) TIGER 헬스케어","short","2026-01-02","2026-02-01","31","202500.0","46769596222500.0","111901439795.0","696704085000.0","0.0148965169954755","107.48","1884.0","2026-01-02","3","1","[45.05, 44.44, 72.83]","[-266.7346, -425.6374, 1169.8163]","[535.4382, 343.223, 508.5417]","[22186224.0, 18745710.0, 19074752.0]","[19496273.0, 19175479.0, 19281622.0]","[19013734.0, 18799959.0, 18777030.0, 18717686.0]","[185100.0, 184185.0, 184425.0]","[182610.0, 182134.0, 182056.0]","[171020.5, 170890.3, 170871.46]","1","[202500, 181000, 181300]","210000.0","2026-02-01","3.7"
"012200","KR","계양전기","Industrials","상승(+4.62%) KODEX 산업재","short","2026-01-02","2026-02-01","31","7850.0","213699207650.0","25071620474.7","298249689350.0","1.3956518258995052","0.0","0.0","2026-01-02","3","1","[89.98, 89.98, 92.05]","[936.7845, 1111.4068, 1332.8754]","[460.5348, 590.7092, 739.1424]","[75670838.0, 37677247.0, 37677247.0]","[47660610.0, 44518279.0, 45585757.0]","[47334639.0, 45851145.0, 46264605.0, 46675562.0]","[2983.5, 2661.55, 2400.3]","[2032.68, 1903.48, 1798.48]","[1598.72, 1566.95, 1541.33]","1","[7850, 6630, 6630]","8370.0","2026-02-01","6.62"
"000520","KR","삼일제약","Health Care","상승(+4.82%) TIGER 헬스케어","short","2026-01-06","2026-02-05","30","10350.0","224510243850.0","3678596868.0","8950359150.0","0.0398661504104014","0.0","-1248.0","2026-01-06","1","1","[45.94, 45.94, 53.57]","[-121.0781, -123.8619, -83.9477]","[-34.922, -52.71, -58.9575]","[35398160.0, 34533391.0, 34533391.0]","[34698030.0, 34820431.0, 34899584.0]","[34985886.0, 34978545.0, 35021353.0, 35070780.0]","[10147.0, 10151.5, 10190.5]","[10090.4, 10070.8, 10065.2]","[10693.9, 10702.15, 10713.15]","0","[10350, 9840, 9840]","12310.0","2026-02-05","18.94"
"078020","KR","LS증권","Financials","하락(-0.69%) TIGER 200 금융","short","2026-01-06","2026-02-05","30","4970.0","275741514300.0","277482490.75","638724520.0","0.0023163886715479","12.36","402.0","2026-01-06","1","0","[40.57, 45.16, 56.11]","[-44.7619, -42.548, -28.3628]","[-53.5064, -51.3147, -46.7243]","[28201476.0, 28072960.0, 28013548.0]","[28151863.0, 28158124.0, 28171640.0]","[28231276.0, 28243389.0, 28264390.0, 28286078.0]","[4841.75, 4835.5, 4837.5]","[5024.8, 5031.8, 5043.8]","[4781.5, 4775.52, 4771.05]","1","[4970, 4820, 4770]","5580.0","2026-02-05","12.27"
"078340","KR","컴투스","Communication Services","상승(+8.99%) TIGER 미디어컨텐츠","short","2026-01-06","2026-02-05","30","31000.0","394870405000.0","1379004930.0","3297098000.0","0.0083498230261141","0.0","-9512.0","2026-01-06","1","1","[45.32, 39.69, 56.59]","[-660.5162, -627.1444, -466.2161]","[-790.1191, -757.5241, -699.2625]","[-1227676.0, -1334034.0, -1292379.0]","[-1300462.0, -1308155.0, -1309934.0]","[-1239430.0, -1233038.0, -1218935.0, -1205704.0]","[29770.0, 29747.5, 29840.0]","[31477.0, 31558.0, 31678.0]","[37558.0, 37618.5, 37680.25]","1","[31000, 29400, 29950]","34500.0","2026-02-05","11.29"
"009470","KR","삼화전기","Utilities","상승(+2.19%) TIGER KRX 기후변화솔루션","short","2026-01-06","2026-02-05","30","31250.0","206681875000.0","900423090.0","2410500000.0","0.0116628514232319","23.39","1336.0","2026-01-06","2","3","[51.12, 50.78, 56.96]","[-375.5121, -305.0825, -166.6537]","[-602.3248, -542.8763, -467.6318]","[33238578.0, 33161442.0, 33217627.0]","[33207454.0, 33201150.0, 33201796.0]","[33229088.0, 33231695.0, 33239750.0, 33244192.0]","[29722.5, 29650.0, 29667.5]","[31360.0, 31411.0, 31491.0]","[30414.0, 30433.5, 30456.25]","1","[31250, 30250, 30300]","52100.0","2026-02-05","66.72"
"RBA","US","RB Global, Inc.","Industrials","상승(+4.01%) XLI","short","2026-01-06","2026-02-05","30","104.70999908447266","19443809359.41389","111771397.80815125","387898191.60842896","0.0199497014416377","49.86","2.1","2026-01-06","1","2","[50.28, 52.0, 57.37]","[1.2425, 1.0861, 1.0645]","[1.238, 1.2076, 1.179]","[23184600.0, 19480100.0, 18961400.0]","[20237189.0, 19805156.0, 19941633.0]","[20092225.0, 19831245.0, 19781060.0, 19724080.0]","[103.64, 103.31, 103.05]","[100.88, 100.78, 100.72]","[105.12, 105.09, 105.06]","0","[104.71, 103.29, 102.87]","115.9800033569336","2026-02-05","10.76"
"060250","KR","NHN KCP","Information Technology","상승(+15.69%) TIGER 200 IT","short","2026-01-06","2026-02-05","30","16170.0","649397079870.0","4164882044.0","11088399630.0","0.0170749145225903","14.13","1144.0","2026-01-06","3","2","[49.03, 47.7, 57.37]","[-223.2783, -204.0476, -112.4675]","[-256.956, -246.3743, -219.5929]","[163467935.0, 162782196.0, 163016881.0]","[163034208.0, 162997377.0, 163001989.0]","[163149617.0, 163166266.0, 163230257.0, 163268082.0]","[15281.0, 15264.0, 15307.0]","[15783.2, 15777.8, 15803.2]","[12826.05, 12784.9, 12748.75]","1","[16170, 15240, 15360]","22200.0","2026-02-05","37.29"
"095660","KR","네오위즈","Communication Services","상승(+8.99%) TIGER 미디어컨텐츠","short","2026-01-06","2026-02-05","30","26300.0","574834260800.0","1658724460.0","3726552200.0","0.0064828289719783","25.48","1032.0","2026-01-06","2","1","[52.75, 48.85, 58.71]","[-77.7405, -76.7576, 32.5795]","[-42.016, -48.9643, -32.6556]","[-2718182.0, -2859876.0, -2800393.0]","[-2774814.0, -2775789.0, -2761021.0]","[-2767598.0, -2759491.0, -2744300.0, -2730188.0]","[25085.0, 25097.5, 25177.5]","[25123.0, 25088.0, 25075.0]","[24415.25, 24388.0, 24369.0]","0","[26300, 24950, 25400]","28200.0","2026-02-05","7.22"
"003470","KR","유안타증권","Financials","하락(-0.69%) TIGER 200 금융","short","2026-01-06","2026-02-05","30","3935.0","785412526560.0","1533553847.75","5436336290.0","0.0069216317618594","11.37","346.0","2026-01-06","3","0","[41.83, 45.64, 62.05]","[-11.6925, -14.1049, 3.7099]","[-3.4436, -5.5759, -3.7187]","[19849295.0, 18467761.0, 18126813.0]","[18915585.0, 18826459.0, 18845847.0]","[19027064.0, 19032756.0, 19117635.0, 19200541.0]","[3745.75, 3738.25, 3745.0]","[3771.8, 3768.6, 3771.3]","[3483.08, 3477.15, 3472.32]","1","[3935, 3690, 3650]","4435.0","2026-02-05","12.71"
"080580","KR","오킨스전자","Information Technology","상승(+15.69%) TIGER 200 IT","short","2026-01-06","2026-02-05","30","11380.0","229661782880.0","5913004956.5","22704306280.0","0.0988597493030138","270.95","42.0","2026-01-06","1","0","[56.4, 54.57, 63.76]","[323.3749, 308.0683, 385.1007]","[307.2802, 307.4378, 322.9704]","[73971577.0, 71976471.0, 72506377.0]","[72260191.0, 72040654.0, 72083131.0]","[72025010.0, 71814742.0, 71721369.0, 71550908.0]","[10198.0, 10070.0, 10019.0]","[9389.0, 9356.4, 9348.2]","[7233.48, 7205.48, 7182.12]","1","[11380, 10220, 10380]","14900.0","2026-02-05","30.93"
"086280","KR","현대글로비스","Industrials","상승(+1.81%) KODEX 산업재","short","2026-01-06","2026-02-05","30","187100.0","14032500000000.0","30004198165.0","96402152400.0","0.00686992","10.1","18528.0","2026-01-06","1","1","[58.27, 52.79, 64.38]","[2823.4997, 2508.1509, 2950.4486]","[3042.0589, 2935.2773, 2938.3116]","[12304577.0, 11789333.0, 12009231.0]","[11960385.0, 11910236.0, 11905722.0]","[11799309.0, 11735492.0, 11676879.0, 11602983.0]","[180395.0, 179865.0, 179455.0]","[172016.0, 171642.0, 171548.0]","[148869.0, 148541.0, 148267.0]","1","[187100, 178100, 180900]","241000.0","2026-02-05","28.81"
"GMED","US","Globus Medical, Inc.","Health Care","상승(+0.40%) XLV","short","2026-01-06","2026-02-05","30","90.47000122070312","10079178608.4274","119557795.74718475","260327428.51257324","0.0258282384533704","29.28","3.09","2026-01-06","2","2","[55.3, 55.25, 64.78]","[1.6495, 1.4865, 1.5947]","[2.2821, 2.123, 2.0173]","[17848200.0, 14970700.0, 16144300.0]","[17701600.0, 17827056.0, 17994756.0]","[18512400.0, 18765710.0, 19097555.0, 19472890.0]","[87.98, 87.89, 87.91]","[81.67, 81.11, 80.61]","[66.6, 66.52, 66.44]","0","[90.47, 87.3, 87.31]","87.05999755859375","2026-02-05","-3.77"
"QXO","US","QXO, Inc.","Industrials","상승(+4.01%) XLI","short","2026-01-06","2026-02-05","30","23.299999237060547","15716949641.461315","161401567.77666092","587048140.7775879","0.0373512770715352","53.96","-0.47","2026-01-06","2","2","[40.72, 44.62, 65.17]","[0.4572, 0.328, 0.5086]","[0.7296, 0.6493, 0.6211]","[-123536285.0, -148731485.0, -155671485.0]","[-134513007.0, -135046318.0, -131760029.0]","[-127253965.0, -127788175.0, -127446555.0, -127246695.0]","[21.31, 21.17, 21.19]","[19.22, 19.12, 19.12]","[18.61, 18.56, 18.52]","1","[23.3, 19.72, 19.29]","23.1299991607666","2026-02-05","-0.73"
"VLO","US","Valero Energy Corporation","Energy","상승(+2.99%) XLE","short","2026-01-06","2026-02-05","30","180.57000732421875","55075574691.18658","518719776.1974335","1630402710.131836","0.0296030085800037","37.62","4.8","2026-01-06","2","0","[38.46, 44.66, 66.6]","[-2.4886, -2.3114, -0.929]","[-2.1647, -2.1941, -1.9411]","[86024100.0, 76994900.0, 75056300.0]","[79031489.0, 77891856.0, 77029933.0]","[77218270.0, 77002150.0, 77400435.0, 78052580.0]","[167.68, 167.39, 167.98]","[171.73, 171.34, 171.16]","[146.15, 145.9, 145.72]","1","[180.57, 165.31, 162.79]","180.22000122070312","2026-02-05","-0.19"
"039490","KR","키움증권","Financials","하락(-0.69%) TIGER 200 금융","short","2026-01-06","2026-02-05","30","319000.0","8525072116000.0","26833909775.0","56588367000.0","0.0066378754607593","8.74","36496.0","2026-01-06","3","1","[59.54, 57.56, 66.99]","[5014.0114, 5130.0273, 6757.9026]","[3915.8802, 4158.7096, 4678.5482]","[7260940.0, 7083547.0, 7208783.0]","[7251767.0, 7263434.0, 7266789.0]","[7239715.0, 7243380.0, 7259566.0, 7264047.0]","[290950.0, 289100.0, 288475.0]","[287390.0, 286250.0, 285620.0]","[215778.0, 214789.5, 213889.5]","1","[319000, 299000, 301500]","430000.0","2026-02-05","34.8"
"DRS","US","Leonardo DRS, Inc.","Industrials","상승(+4.01%) XLI","short","2026-01-06","2026-02-05","30","37.0099983215332","9845648645.732977","31078262.418632507","64519530.07392883","0.0065531010089305","37.38","0.99","2026-01-06","2","1","[47.15, 53.87, 68.02]","[-0.2424, -0.1685, 0.0693]","[-0.4178, -0.368, -0.2805]","[33656800.0, 31913500.0, 31210000.0]","[32653756.0, 32637867.0, 32667500.0]","[32734785.0, 32636360.0, 32589670.0, 32547175.0]","[34.17, 34.04, 33.99]","[34.97, 35.02, 35.13]","[39.75, 39.73, 39.72]","1","[37.01, 34.78, 34.09]","38.310001373291016","2026-02-05","3.51"
"KEX","US","Kirby Corporation","Industrials","상승(+4.01%) XLI","short","2026-01-06","2026-02-05","30","117.1500015258789","6349530082.702637","72500239.60456848","163916282.13500977","0.0258154981549815","21.78","5.38","2026-01-06","1","2","[51.85, 58.93, 72.32]","[0.9595, 0.9683, 1.383]","[1.493, 1.3881, 1.3871]","[19350900.0, 17951700.0, 17607900.0]","[18207256.0, 18050767.0, 18222267.0]","[19034750.0, 19108940.0, 19290780.0, 19537510.0]","[111.51, 111.23, 111.29]","[107.96, 107.33, 106.83]","[102.43, 102.35, 102.29]","1","[117.15, 111.9, 110.18]","121.51000213623048","2026-02-05","3.72"
"003350","KR","한국화장품제조","Consumer Discretionary","하락(-2.28%) TIGER 200 경기소비재","short","2026-01-07","2026-02-06","30","49900.0","226146800000.0","1608776100.0","8517131600.0","0.0376619593998234","8.09","6169.0","2026-01-07","0","1","[49.84, 44.38, 48.27]","[-391.8149, -418.1127, -378.1111]","[-628.7129, -586.5928, -544.8965]","[20093044.0, 19922360.0, 19974402.0]","[19963900.0, 19948938.0, 19952097.0]","[19967237.0, 19962200.0, 19965241.0, 19966735.0]","[49690.0, 49695.0, 49725.0]","[51110.0, 51182.0, 51270.0]","[54777.25, 54774.0, 54777.75]","0","[49900, 49200, 50300]","50500.0","2026-02-06","1.2"
"950210","KR","프레스티지바이오파마","Health Care","상승(+5.10%) TIGER 헬스케어","short","2026-01-07","2026-02-06","30","13370.0","803485592350.0","1773270776.5","3766743470.0","0.0046880037499903","51.03","262.0","2026-01-07","0","1","[51.4, 50.36, 54.42]","[66.3361, 58.4406, 81.1045]","[71.0617, 68.5375, 71.0509]","[8714628.0, 8432897.0, 8512276.0]","[8517361.0, 8523263.0, 8528438.0]","[8378870.0, 8359786.0, 8347584.0, 8338030.0]","[13041.5, 13056.5, 13075.5]","[12761.4, 12742.0, 12732.4]","[13752.3, 13754.1, 13757.25]","0","[13370, 13000, 13090]","11650.0","2026-02-06","-12.86"
"097230","KR","HJ중공업","Industrials","상승(+2.66%) KODEX 산업재","short","2026-01-07","2026-02-06","30","24300.0","2194176859200.0","36498255642.5","100480743000.0","0.0457942770559686","0.0","-200.0","2026-01-07","2","1","[42.59, 49.64, 59.98]","[-408.3981, -348.6724, -118.4181]","[-339.4429, -341.2888, -296.7146]","[281641425.0, 277506415.0, 276283335.0]","[278348980.0, 277896335.0, 278001843.0]","[279150033.0, 279075583.0, 279154983.0, 279350540.0]","[22190.0, 22080.0, 22067.5]","[23010.0, 23090.0, 23216.0]","[15489.35, 15408.05, 15336.9]","1","[24300, 22050, 20900]","23350.0","2026-02-06","-3.91"
"BHF","US","Brighthouse Financial, Inc.","Financials","상승(+5.47%) XLF","short","2026-01-07","2026-02-06","30","65.05000305175781","3718987840.322708","52958728.21853638","106376269.99053957","0.0286035541275953","4.57","14.24","2026-01-07","1","2","[55.17, 55.83, 61.09]","[0.5546, 0.4944, 0.476]","[0.9066, 0.8241, 0.7545]","[21796900.0, 20161600.0, 19462600.0]","[21048800.0, 21001389.0, 21229867.0]","[23286170.0, 23526960.0, 23915965.0, 24371900.0]","[65.02, 65.04, 65.08]","[62.55, 62.19, 61.83]","[54.87, 54.84, 54.8]","0","[65.05, 64.62, 64.57]","63.9900016784668","2026-02-06","-1.63"
"123410","KR","코리아에프티","Consumer Discretionary","하락(-2.28%) TIGER 200 경기소비재","short","2026-01-07","2026-02-06","30","8440.0","234978580160.0","4334697123.0","13547330960.0","0.0576534718644373","5.04","1673.0","2026-01-07","0","1","[55.55, 51.34, 61.27]","[262.3663, 224.093, 226.6528]","[372.3461, 342.6955, 319.4869]","[241023582.0, 239418448.0, 240099262.0]","[240437759.0, 240454402.0, 240589781.0]","[240350762.0, 240309599.0, 240384872.0, 240476953.0]","[8314.0, 8311.5, 8338.0]","[7255.6, 7208.2, 7169.2]","[5745.72, 5728.18, 5711.88]","0","[8440, 8000, 8140]","7530.0","2026-02-06","-10.78"
"JLL","US","Jones Lang LaSalle Incorporated","Real Estate","상승(+0.35%) XLRE","short","2026-01-07","2026-02-06","30","350.5400085449219","16543606003.474426","118047643.0822754","256069476.24206543","0.0154784559175482","26.88","13.04","2026-01-07","2","2","[55.32, 65.85, 66.72]","[5.9882, 6.4618, 6.8693]","[7.0084, 6.8991, 6.8931]","[5955100.0, 5224600.0, 4807000.0]","[5425400.0, 5349444.0, 5324178.0]","[4767930.0, 4658315.0, 4573340.0, 4522970.0]","[337.23, 336.08, 335.0]","[320.87, 320.19, 319.46]","[276.79, 276.3, 275.82]","1","[350.54, 349.16, 335.84]","334.94000244140625","2026-02-06","-4.45"
"012330","KR","현대모비스","Consumer Discretionary","하락(-2.28%) TIGER 200 경기소비재","short","2026-01-07","2026-02-06","30","392500.0","35612538827500.0","119776928125.0","369953622500.0","0.010388296781984","8.71","45048.0","2026-01-07","1","2","[63.46, 59.05, 69.23]","[12720.211, 11940.8873, 13308.1877]","[13669.2295, 13323.5611, 13320.4864]","[9390787.0, 8448230.0, 9062624.0]","[8844915.0, 8755978.0, 8791296.0]","[8733194.0, 8713123.0, 8709121.0, 8633284.0]","[365575.0, 364075.0, 363150.0]","[328690.0, 326980.0, 325780.0]","[294817.5, 294135.0, 293545.0]","1","[392500, 366000, 372000]","426000.0","2026-02-06","8.54"
"000270","KR","기아","Consumer Discretionary","하락(-2.28%) TIGER 200 경기소비재","short","2026-01-07","2026-02-06","30","129300.0","50480400641400.0","108335185805.0","392041091100.0","0.0077662040340163","6.56","19704.0","2026-01-07","3","1","[57.45, 57.13, 69.47]","[1195.6105, 1209.4003, 1748.872]","[1518.1349, 1456.388, 1514.8848]","[36724514.0, 33692487.0, 34994624.0]","[34540874.0, 34273884.0, 34284570.0]","[34227927.0, 34127078.0, 34074063.0, 33890187.0]","[122460.0, 122175.0, 122065.0]","[118144.0, 117856.0, 117706.0]","[103232.5, 103088.0, 102971.0]","1","[129300, 122500, 122600]","151900.0","2026-02-06","17.48"
"TXN","US","Texas Instruments Incorporated","Information Technology","","short","2026-01-07","2026-02-06","30","192.1000061035156","174546487687.7948","1149971660.7782743","2539043410.6719966","0.0145465167721592","34.99","5.49","2026-01-07","1","3","[55.74, 54.96, 72.71]","[1.4549, 1.4182, 2.5643]","[2.1386, 1.9945, 2.1085]","[57462000.0, 44244700.0, 50999700.0]","[52473467.0, 52953878.0, 54305867.0]","[50842535.0, 51135650.0, 51760400.0, 52383605.0]","[178.35, 177.87, 178.02]","[169.72, 169.29, 169.13]","[179.44, 179.36, 179.36]","1","[192.1, 177.17, 177.52]","225.009994506836","2026-02-06","17.13"
"307950","KR","현대오토에버","Information Technology","상승(+18.08%) TIGER 200 IT","short","2026-01-07","2026-02-06","30","394500.0","10818760899000.0","191357573825.0","1032512620500.0","0.0954372344614286","60.2","6553.0","2026-01-07","2","2","[61.75, 61.75, 75.74]","[25054.0163, 23960.4833, 29411.8693]","[24979.3933, 24775.6113, 25702.8629]","[7353169.0, 4735900.0, 4735900.0]","[5046575.0, 4752904.0, 4675825.0]","[4384639.0, 4203615.0, 4125750.0, 3975703.0]","[303675.0, 298125.0, 296675.0]","[239840.0, 235084.0, 231964.0]","[171416.5, 170127.5, 169241.5]","1","[394500, 312000, 312000]","391500.0","2026-02-06","-0.76"
"MU","US","Micron Technology, Inc.","Information Technology","","short","2026-01-07","2026-02-06","30","343.42999267578125","386533637261.754","8271515873.767548","16645708315.00244","0.0430640614693262","32.68","10.51","2026-01-07","2","3","[72.05, 70.19, 76.45]","[17.9392, 19.1881, 22.4432]","[13.488, 14.628, 16.191]","[941033400.0, 892564400.0, 927173000.0]","[909501478.0, 907009933.0, 906463622.0]","[878284135.0, 873113870.0, 869309005.0, 864949405.0]","[271.95, 266.63, 262.35]","[247.19, 244.45, 242.18]","[151.26, 150.06, 149.01]","1","[343.43, 312.15, 315.42]","382.8900146484375","2026-02-06","11.49"
"SNDK","US","Sandisk Corporation","Information Technology","","short","2026-01-07","2026-02-06","30","349.6300048828125","51239388689.361694","2125755090.049744","8378078918.005371","0.1635085650376782","16.57","-12.03","2026-01-07","2","0","[65.77, 65.24, 77.82]","[10.8087, 12.5768, 19.8455]","[8.0106, 8.9238, 11.1082]","[107530300.0, 83567600.0, 93380200.0]","[94231878.0, 92660167.0, 92788378.0]","[83983660.0, 82862675.0, 82517260.0, 81072890.0]","[240.38, 234.32, 231.28]","[228.43, 224.77, 222.23]","[100.94, 99.47, 98.38]","1","[349.63, 274.08, 275.24]","665.239990234375","2026-02-06","90.27"
"BC","US","Brunswick Corporation","Consumer Discretionary","상승(+1.88%) XLY","short","2026-01-07","2026-02-06","30","83.6500015258789","5440310852.737961","57107079.45907593","198677118.624115","0.0365194423631374","19.93","-3.39","2026-01-07","2","1","[64.22, 63.0, 78.74]","[2.0986, 2.0052, 2.5458]","[2.3936, 2.3159, 2.3619]","[-6585900.0, -8961000.0, -8177300.0]","[-8037822.0, -8154200.0, -8074322.0]","[-9341705.0, -9701070.0, -9979515.0, -10258180.0]","[75.27, 74.59, 74.29]","[69.58, 69.31, 69.09]","[59.75, 59.61, 59.51]","1","[83.65, 75.67, 75.89]","86.69000244140625","2026-02-06","3.63"
"CBOE","US","Cboe Global Markets, Inc.","Financials","상승(+3.96%) XLF","short","2026-01-08","2026-02-07","32","255.1600036621093","26701094575.459656","165196395.61767578","331886616.7633056","0.0124297008059113","27.47","9.29","2026-01-08","0","2","[49.83, 46.71, 54.43]","[0.0446, -0.1344, 0.1313]","[0.2664, 0.1863, 0.1753]","[26454600.0, 25153900.0, 25806000.0]","[25994322.0, 25972467.0, 26053311.0]","[26116980.0, 26135360.0, 26175610.0, 26208405.0]","[251.8, 251.7, 251.83]","[252.3, 251.97, 251.72]","[236.95, 236.74, 236.59]","0","[255.16, 250.09, 252.11]","273.3599853515625","2026-02-07","7.13"
"PRMB","US","Primo Brands Corporation","Consumer Staples","하락(-1.56%) XLP","short","2026-01-08","2026-02-07","32","17.1200008392334","6259607888.929985","102568570.74048042","215775354.577446","0.0344710656651579","12.85","-0.13","2026-01-08","1","2","[51.85, 44.09, 56.86]","[-0.124, -0.1374, -0.0658]","[-0.2404, -0.2198, -0.189]","[29380700.0, 16777000.0, 25442500.0]","[25784333.0, 25755156.0, 27499933.0]","[31496735.0, 31015085.0, 31431565.0, 31602525.0]","[16.35, 16.27, 16.26]","[16.97, 17.07, 17.19]","[25.21, 25.29, 25.37]","1","[17.12, 16.11, 16.66]","19.6299991607666","2026-02-07","14.66"
"011070","KR","LG이노텍","Information Technology","상승(+18.58%) TIGER 200 IT","short","2026-01-08","2026-02-07","32","283000.0","6697791281000.0","38073137225.0","78206201000.0","0.0116764165556863","21.45","13193.0","2026-01-08","3","0","[50.29, 55.81, 61.88]","[4016.4899, 3857.7771, 4327.6429]","[7293.7099, 6606.5234, 6150.7473]","[8581450.0, 8305103.0, 8113835.0]","[8375562.0, 8376471.0, 8418985.0]","[8650865.0, 8655129.0, 8665730.0, 8677244.0]","[279500.0, 279675.0, 280150.0]","[259300.0, 258050.0, 256890.0]","[184618.5, 183993.5, 183417.0]","0","[283000, 275000, 269000]","232500.0","2026-02-07","-17.84"
"036570","KR","엔씨소프트","Communication Services","상승(+4.86%) TIGER 미디어컨텐츠","short","2026-01-08","2026-02-07","32","227000.0","4890492994000.0","26732397480.0","57023081000.0","0.0116599862365532","14.45","15713.0","2026-01-08","2","1","[58.44, 57.4, 65.62]","[819.9576, 1363.0236, 2770.1207]","[-1585.4135, -995.7261, -242.5567]","[159245.0, -91958.0, 17635.0]","[-18296.0, -45832.0, -53080.0]","[-113356.0, -127849.0, -119466.0, -112245.0]","[203835.0, 202585.0, 202460.0]","[210864.0, 210584.0, 210364.0]","[191206.5, 190895.5, 190638.0]","1","[227000, 214500, 215500]","216500.0","2026-02-07","-4.63"
"399720","KR","가온칩스","Information Technology","상승(+18.58%) TIGER 200 IT","short","2026-01-08","2026-02-07","32","64300.0","745907006000.0","12279226617.5","119697022000.0","0.1604717760219026","0.0","-943.0","2026-01-08","4","0","[60.34, 58.21, 73.82]","[984.9633, 1091.813, 2040.5777]","[300.1805, 458.507, 774.9211]","[37356155.0, 35494615.0, 35658342.0]","[35795631.0, 35562925.0, 35537056.0]","[35506481.0, 35409809.0, 35408821.0, 35396127.0]","[50370.0, 49705.0, 49615.0]","[49975.0, 49767.0, 49789.0]","[46367.25, 46292.5, 46261.5]","1","[64300, 53300, 54000]","64600.0","2026-02-07","0.47"
"RVMD","US","Revolution Medicines, Inc.","Health Care","상승(+4.62%) XLV","short","2026-01-08","2026-02-07","32","102.70999908447266","19855876994.560432","252741714.3768692","1505461540.5807495","0.07581944333122","-16.34","-5.19","2026-01-08","3","1","[56.87, 61.85, 86.71]","[2.2023, 2.0949, 3.8105]","[2.9101, 2.747, 2.9597]","[78509700.0, 63852300.0, 61627500.0]","[68078222.0, 67149278.0, 67971833.0]","[68151710.0, 67522235.0, 67499005.0, 67501375.0]","[80.18, 79.05, 79.04]","[72.87, 71.9, 71.37]","[48.25, 47.93, 47.72]","1","[102.71, 79.85, 78.33]","96.51000213623048","2026-02-07","-6.04"
"009450","KR","경동나비엔","Consumer Discretionary","상승(+1.48%) TIGER 200 경기소비재","short","2026-01-09","2026-02-08","31","57200.0","833323462400.0","2121999810.0","4503527600.0","0.005404297134548","6.96","8217.0","2026-01-09","1","3","[33.67, 30.27, 49.88]","[-1444.7168, -1524.3155, -1282.1286]","[-1613.7665, -1595.8763, -1533.1268]","[875683.0, 796950.0, 847726.0]","[865840.0, 868344.0, 877235.0]","[931215.0, 941620.0, 957194.0, 968676.0]","[56345.0, 56420.0, 56690.0]","[59932.0, 60232.0, 60602.0]","[71935.5, 72049.5, 72182.0]","0","[57200, 53600, 54600]","59200.0","2026-02-08","3.5"
"017810","KR","풀무원","Consumer Staples","하락(-4.99%) KODEX 필수소비재","short","2026-01-09","2026-02-08","31","13100.0","499379100200.0","926105747.0","2427862300.0","0.0048617619340249","18.48","709.0","2026-01-09","1","2","[40.62, 35.47, 50.64]","[-89.1023, -111.3755, -91.6593]","[-99.5789, -101.9382, -99.8824]","[48589340.0, 48404007.0, 48483064.0]","[48500458.0, 48499854.0, 48514193.0]","[48530922.0, 48530705.0, 48543342.0, 48554875.0]","[13005.5, 13002.5, 13025.0]","[13179.4, 13189.0, 13209.6]","[13898.5, 13919.3, 13941.85]","0","[13100, 12650, 12850]","12790.0","2026-02-08","-2.37"
"RPM","US","RPM International Inc.","Materials","상승(+10.72%) XLB","short","2026-01-09","2026-02-08","31","106.61000061035156","13654182438.171389","131030844.25151823","364552897.0870972","0.0266989912239607","21.2","5.19","2026-01-09","2","1","[55.24, 46.16, 52.46]","[-0.3031, -0.3422, -0.2262]","[-0.4351, -0.4166, -0.3785]","[-3212200.0, -6631700.0, -5357300.0]","[-5967311.0, -6198678.0, -6080689.0]","[-4988225.0, -5111460.0, -5010915.0, -4920685.0]","[105.91, 105.7, 105.59]","[106.14, 106.24, 106.38]","[112.03, 112.07, 112.11]","0","[106.61, 104.82, 107.21]","107.51000213623048","2026-02-08","0.84"
"067390","KR","아스트","Industrials","상승(+2.10%) KODEX 산업재","short","2026-01-09","2026-02-08","31","597.0","240685074663.0","617836173.7","1370854086.0","0.0056956339645049","0.0","-7.0","2026-01-09","0","1","[51.49, 48.47, 54.25]","[3.376, 2.5321, 2.9589]","[5.1668, 4.6398, 4.3037]","[15118675.0, 12822437.0, 13843605.0]","[14453790.0, 14499096.0, 15024190.0]","[14956516.0, 14912662.0, 15010239.0, 15021949.0]","[592.85, 593.0, 594.05]","[573.82, 572.8, 572.2]","[575.74, 576.45, 577.18]","0","[597, 583, 590]","636.0","2026-02-08","6.53"
"092790","KR","넥스틸","Materials","하락(-2.40%) KODEX 소재산업","short","2026-01-09","2026-02-08","31","10250.0","266520500000.0","1729782543.5","5510328250.0","0.0206750634566571","6.45","1590.0","2026-01-09","2","3","[44.47, 40.77, 55.9]","[-204.9387, -224.8852, -146.2121]","[-283.1203, -271.4732, -246.421]","[282614965.0, 282077372.0, 282228333.0]","[282254391.0, 282213520.0, 282225698.0]","[282214330.0, 282200386.0, 282216044.0, 282229021.0]","[9527.5, 9506.0, 9547.5]","[10199.2, 10252.6, 10329.6]","[12936.1, 12969.5, 13007.8]","1","[10250, 9100, 9400]","10770.0","2026-02-08","5.07"
"333430","KR","일승","Industrials","상승(+2.10%) KODEX 산업재","short","2026-01-09","2026-02-08","31","6500.0","199723855500.0","1272907117.5","3970551000.0","0.0198802040450295","39.88","163.0","2026-01-09","2","2","[47.6, 46.54, 56.0]","[-117.4668, -108.4631, -71.4548]","[-156.4468, -146.8501, -131.771]","[486017833.0, 485406979.0, 485686339.0]","[485797329.0, 485777910.0, 485852170.0]","[485686960.0, 485680152.0, 485675045.0, 485663679.0]","[6158.5, 6158.0, 6161.0]","[6511.0, 6550.2, 6609.0]","[5677.15, 5669.32, 5663.12]","1","[6500, 6140, 6180]","6500.0","2026-02-08","0.0"
"008930","KR","한미사이언스","Health Care","상승(+8.30%) TIGER 헬스케어","short","2026-01-09","2026-02-08","31","38400.0","2626235520000.0","3813472925.0","12012019200.0","0.0045738545185772","34.94","1099.0","2026-01-09","1","1","[51.71, 45.93, 56.42]","[-178.4106, -190.0689, -85.356]","[-323.3215, -296.671, -254.408]","[28291363.0, 27978550.0, 28144645.0]","[28128024.0, 28106272.0, 28126645.0]","[28204378.0, 28200190.0, 28209226.0, 28213404.0]","[37312.5, 37235.0, 37217.5]","[38156.0, 38183.0, 38261.0]","[37877.75, 37828.75, 37783.5]","1","[38400, 37000, 37700]","46450.0","2026-02-08","20.96"
"348340","KR","뉴로메카","Industrials","상승(+2.10%) KODEX 산업재","short","2026-01-09","2026-02-08","31","34350.0","390934670700.0","10631456705.0","32111994450.0","0.0821415874741958","0.0","-1836.0","2026-01-09","1","1","[54.31, 51.93, 58.32]","[839.7312, 747.841, 822.8805]","[898.2455, 868.1646, 859.1078]","[20134649.0, 19199802.0, 19381191.0]","[19687475.0, 19650981.0, 19737348.0]","[19768999.0, 19758367.0, 19769395.0, 19759799.0]","[32775.0, 32750.0, 32720.0]","[30647.0, 30520.0, 30427.0]","[26104.25, 26082.0, 26067.0]","0","[34350, 32400, 33000]","90800.0","2026-02-08","164.34"
"112040","KR","위메이드","Communication Services","상승(+6.21%) TIGER 미디어컨텐츠","short","2026-01-09","2026-02-08","31","28200.0","957347220600.0","3991753572.5","15168159600.0","0.0158439480197097","4.57","6167.0","2026-01-09","1","3","[41.07, 39.6, 60.34]","[-396.9966, -450.3621, -215.8152]","[-359.8864, -377.9815, -345.5483]","[2724960.0, 2187082.0, 2400542.0]","[2566378.0, 2551020.0, 2610230.0]","[2709855.0, 2729302.0, 2770665.0, 2804384.0]","[26145.0, 26142.5, 26282.5]","[26691.0, 26706.0, 26773.0]","[28781.5, 28795.5, 28827.25]","1","[28200, 24800, 25050]","28200.0","2026-02-08","0.0"
"108380","KR","대양전기공업","Industrials","상승(+2.10%) KODEX 산업재","short","2026-01-09","2026-02-08","31","30250.0","289411823250.0","1253105615.0","7408709000.0","0.0255991925858543","10.55","2867.0","2026-01-09","1","1","[37.21, 40.21, 61.42]","[-574.9753, -599.2784, -312.3446]","[-384.7737, -427.6746, -404.6086]","[12845871.0, 12600955.0, 12557690.0]","[12633816.0, 12612684.0, 12621050.0]","[12646534.0, 12638354.0, 12640514.0, 12643485.0]","[27877.5, 27825.0, 27945.0]","[28840.0, 28820.0, 28872.0]","[24570.9, 24512.4, 24472.45]","1","[30250, 26500, 26150]","27150.0","2026-02-08","-10.25"
"200880","KR","서연이화","Consumer Discretionary","상승(+1.48%) TIGER 200 경기소비재","short","2026-01-09","2026-02-08","31","13570.0","366775890090.0","1378303819.5","4186453560.0","0.0114142005325724","3.35","4051.0","2026-01-09","1","2","[54.04, 43.5, 62.37]","[104.3927, 64.2039, 115.7459]","[135.9916, 121.634, 120.4564]","[41393744.0, 41085236.0, 41252921.0]","[41262796.0, 41268440.0, 41298861.0]","[41266191.0, 41262052.0, 41277818.0, 41290764.0]","[12928.5, 12909.0, 12948.0]","[12603.8, 12588.6, 12592.8]","[12124.7, 12120.45, 12121.55]","1","[13570, 12520, 12960]","14870.0","2026-02-08","9.58"
"GAP","US","The Gap, Inc.","Consumer Discretionary","상승(+5.11%) XLY","short","2026-01-09","2026-02-08","31","28.420000076293945","10570015879.175377","220779254.06651497","566117875.5197525","0.0535588481598306","12.78","2.22","2026-01-09","1","1","[57.82, 55.44, 65.5]","[0.1414, 0.1755, 0.3447]","[0.3235, 0.2939, 0.304]","[-61118700.0, -81038400.0, -74126700.0]","[-79425778.0, -80071878.0, -78779533.0]","[-79218190.0, -81663055.0, -83531030.0, -85200040.0]","[26.48, 26.36, 26.3]","[25.33, 25.24, 25.17]","[22.47, 22.43, 22.39]","1","[28.42, 26.61, 26.88]","29.1299991607666","2026-02-08","2.5"
"LHX","US","L3Harris Technologies, Inc.","Industrials","상승(+4.97%) XLI","short","2026-01-09","2026-02-08","31","325.739990234375","60930592555.09204","344006846.7565918","1154487673.388672","0.0189475865074643","36.09","9.28","2026-01-09","1","2","[72.09, 65.75, 74.08]","[6.1705, 6.5459, 8.0401]","[3.6463, 4.2262, 4.989]","[29790000.0, 26245800.0, 28460900.0]","[26804411.0, 26488800.0, 26526622.0]","[25490295.0, 25118565.0, 24974525.0, 24659915.0]","[296.08, 293.66, 292.26]","[289.04, 288.33, 287.97]","[262.55, 261.96, 261.44]","1","[325.74, 309.76, 314.47]","349.6600036621094","2026-02-08","7.34"
"241560","KR","두산밥캣","Industrials","상승(+4.71%) KODEX 산업재","short","2026-01-12","2026-02-11","30","62900.0","6029346488500.0","14482784820.0","49245856700.0","0.0081676939273482","13.92","4520.0","2026-01-12","1","2","[45.82, 44.14, 60.34]","[3.775, -150.2127, 225.4404]","[82.3699, 35.8534, 73.7708]","[7420498.0, 6637575.0, 6949394.0]","[7188284.0, 7167580.0, 7248206.0]","[7506598.0, 7517952.0, 7559579.0, 7594053.0]","[59235.0, 59035.0, 59140.0]","[58538.0, 58598.0, 58688.0]","[54136.5, 54072.5, 54041.5]","1","[62900, 56700, 57300]","64900.0","2026-02-11","3.18"
"178320","KR","서진시스템","Utilities","상승(+3.29%) TIGER KRX 기후변화솔루션","short","2026-01-12","2026-02-11","30","27000.0","1508578533000.0","9417484357.5","23003541000.0","0.0152484875641538","0.0","-2120.0","2026-01-12","2","2","[39.72, 48.29, 56.65]","[24.9203, -5.736, 105.9234]","[197.4568, 156.8182, 146.6393]","[23747774.0, 22895791.0, 22516042.0]","[23320511.0, 23247129.0, 23292021.0]","[23329714.0, 23316273.0, 23380620.0, 23426481.0]","[25982.5, 25972.5, 26055.0]","[25401.0, 25468.0, 25560.0]","[22581.7, 22559.45, 22545.2]","0","[27000, 25300, 23950]","37350.0","2026-02-11","38.33"
"101490","KR","에스앤에스텍","Information Technology","상승(+15.65%) TIGER 200 IT","short","2026-01-12","2026-02-11","30","59000.0","1258757861000.0","14807275942.5","121988577000.0","0.0969118690572372","30.54","1932.0","2026-01-12","2","2","[57.09, 51.21, 66.21]","[925.6932, 822.2521, 1401.9236]","[46.6792, 201.7938, 441.8197]","[11627127.0, 9559524.0, 9797874.0]","[9903687.0, 9649481.0, 9604539.0]","[9545629.0, 9413275.0, 9390462.0, 9360850.0]","[49557.5, 48957.5, 48825.0]","[50570.0, 50504.0, 50612.0]","[45720.75, 45597.75, 45516.5]","1","[59000, 50600, 52700]","88400.0","2026-02-11","49.83"
"052400","KR","코나아이","Information Technology","상승(+15.65%) TIGER 200 IT","short","2026-01-12","2026-02-11","30","47450.0","691028157950.0","4114463870.0","9006911550.0","0.0130340731363535","11.32","4192.0","2026-01-12","0","3","[36.8, 36.3, 52.3]","[-772.6305, -889.4736, -699.6558]","[-528.6568, -600.8201, -620.5873]","[42018128.0, 41828309.0, 41861968.0]","[41952892.0, 41958380.0, 41973818.0]","[42056211.0, 42081819.0, 42114293.0, 42147024.0]","[46735.0, 46872.5, 47165.0]","[47279.0, 47352.0, 47511.0]","[49004.25, 48910.5, 48835.0]","0","[47450, 44050, 44200]","59300.0","2026-02-11","24.97"
"048410","KR","현대바이오","Consumer Discretionary","상승(+7.72%) TIGER 200 경기소비재","short","2026-01-12","2026-02-11","30","5350.0","513819136000.0","2114422918.5","6688468350.0","0.0130171647597025","0.0","-240.0","2026-01-12","2","2","[38.03, 41.54, 56.42]","[-82.9706, -87.816, -57.1073]","[-41.371, -50.66, -51.9495]","[27535814.0, 26285633.0, 26068965.0]","[26983146.0, 27032182.0, 27259705.0]","[27706501.0, 27728401.0, 27833170.0, 27964400.0]","[5159.0, 5159.0, 5183.0]","[5169.6, 5171.0, 5181.6]","[5440.32, 5443.15, 5447.95]","0","[5350, 4930, 4855]","10680.0","2026-02-11","99.63"
"272290","KR","이녹스첨단소재","Information Technology","상승(+15.65%) TIGER 200 IT","short","2026-01-12","2026-02-11","30","25700.0","512140810600.0","6648530327.5","80997739100.0","0.1581552132217443","6.58","3908.0","2026-01-12","0","3","[37.67, 40.18, 62.6]","[-341.907, -385.1009, -139.34]","[-230.4781, -261.4027, -236.9901]","[7379869.0, 4228206.0, 4131930.0]","[4764005.0, 4464154.0, 4526280.0]","[4786665.0, 4671843.0, 4719770.0, 4778060.0]","[23382.5, 23315.0, 23440.0]","[23791.0, 23787.0, 23848.0]","[23865.4, 23859.9, 23873.4]","1","[25700, 22250, 22000]","37800.0","2026-02-11","47.08"
"017860","KR","DS단석","Materials","하락(-1.29%) KODEX 소재산업","short","2026-01-12","2026-02-11","30","19260.0","338671923120.0","2052466491.2","20827552140.0","0.0614977230711276","0.0","-679.0","2026-01-12","0","5","[27.9, 27.04, 56.68]","[-417.6588, -470.1513, -341.5896]","[-324.6449, -353.7462, -351.3149]","[63567839.0, 62486450.0, 62535233.0]","[62776267.0, 62693830.0, 62738981.0]","[62841843.0, 62807076.0, 62828475.0, 62849542.0]","[18526.25, 18511.95, 18613.05]","[19022.56, 19064.18, 19157.9]","[22645.58, 22677.02, 22719.27]","0","[19260, 17200, 17300]","19300.0","2026-02-11","0.21"
"060720","KR","KH바텍","Information Technology","상승(+15.65%) TIGER 200 IT","short","2026-01-12","2026-02-11","30","14140.0","334799029880.0","2907436937.5","39425345960.0","0.1177582443238589","14.68","963.0","2026-01-12","2","0","[35.92, 38.71, 75.76]","[-197.0066, -207.0294, 47.5343]","[-166.0466, -174.2431, -129.8876]","[29142750.0, 26354536.0, 26236693.0]","[26785962.0, 26520301.0, 26556177.0]","[26759727.0, 26644518.0, 26668719.0, 26702393.0]","[11433.0, 11307.0, 11344.0]","[11734.0, 11704.8, 11741.8]","[11236.5, 11213.55, 11206.65]","1","[14140, 10880, 10780]","16970.0","2026-02-11","20.01"
"286940","KR","롯데이노베이트","Information Technology","상승(+15.65%) TIGER 200 IT","short","2026-01-12","2026-02-11","30","19860.0","300469228620.0","264066643.5","693670080.0","0.0023086226938641","28.17","705.0","2026-01-12","1","2","[32.44, 35.03, 53.47]","[-205.3369, -235.151, -179.2486]","[-98.4339, -125.7773, -136.4716]","[4109966.0, 4075038.0, 4065359.0]","[4097756.0, 4100028.0, 4107166.0]","[4113444.0, 4116158.0, 4120868.0, 4125623.0]","[19699.0, 19696.0, 19745.5]","[19792.8, 19820.6, 19862.6]","[20488.7, 20487.05, 20489.75]","0","[19860, 18900, 18800]","22800.0","2026-02-11","14.8"
"086890","KR","이수앱지스","Health Care","상승(+8.30%) TIGER 헬스케어","short","2026-01-12","2026-02-11","30","5710.0","231527087210.0","1250668150.5","4416502280.0","0.0190755316504031","7.52","759.0","2026-01-12","2","1","[39.46, 42.95, 57.47]","[-121.4336, -118.0935, -79.0311]","[-79.2087, -86.9856, -85.3947]","[13206303.0, 12432835.0, 12237821.0]","[12868851.0, 12899425.0, 12987350.0]","[13295232.0, 13358308.0, 13460058.0, 13546173.0]","[5461.0, 5487.5, 5536.0]","[5509.6, 5495.4, 5492.0]","[5316.2, 5315.75, 5316.5]","0","[5710, 5270, 5190]","5490.0","2026-02-11","-3.85"
"005430","KR","한국공항","Industrials","상승(+4.71%) KODEX 산업재","short","2026-01-12","2026-02-11","30","66100.0","209296065500.0","536309405.0","1288619500.0","0.0061569217601942","5.91","11180.0","2026-01-12","1","3","[45.69, 44.7, 59.94]","[553.6281, 348.3935, 574.5101]","[848.2992, 748.3181, 713.5565]","[-221085.0, -240580.0, -237804.0]","[-231272.0, -233490.0, -232569.0]","[-244108.0, -246897.0, -248653.0, -250400.0]","[63365.0, 63085.0, 63095.0]","[61046.0, 60958.0, 60940.0]","[58554.25, 58478.25, 58427.75]","0","[66100, 61200, 61500]","72600.0","2026-02-11","9.83"
"011785","KR","금호석유화학우","Materials","하락(-1.29%) KODEX 소재산업","short","2026-01-12","2026-02-11","30","66300.0","200457121800.0","562792195.0","3155946300.0","0.0157437474491365","5.65","11743.0","2026-01-12","1","1","[29.65, 41.89, 65.25]","[-769.9425, -777.0025, -287.0694]","[-219.7708, -331.2172, -322.3876]","[287742.0, 240141.0, 231917.0]","[253370.0, 251536.0, 256257.0]","[264580.0, 264036.0, 265649.0, 267924.0]","[62245.0, 62115.0, 62285.0]","[62050.0, 61952.0, 61976.0]","[58249.5, 58177.0, 58136.5]","1","[66300, 60200, 58500]","72300.0","2026-02-11","9.05"
"053690","KR","한미글로벌","Industrials","상승(+4.71%) KODEX 산업재","short","2026-01-12","2026-02-11","30","18240.0","199865712000.0","979475235.0","4373240640.0","0.021880894908077","8.21","2222.0","2026-01-12","1","2","[35.86, 37.41, 54.56]","[-223.5885, -254.1472, -182.6574]","[-199.2788, -210.2525, -204.7335]","[29617168.0, 29377407.0, 29340755.0]","[29505869.0, 29494572.0, 29512950.0]","[29549095.0, 29546139.0, 29556055.0, 29569873.0]","[17812.0, 17785.5, 17826.5]","[18085.2, 18156.4, 18245.8]","[18661.65, 18655.0, 18654.6]","0","[18240, 17080, 17000]","20300.0","2026-02-11","11.29"
"290740","KR","액트로","Information Technology","상승(+15.65%) TIGER 200 IT","short","2026-01-12","2026-02-11","30","19820.0","199488518020.0","6932110675.0","21809452320.0","0.1093268551817777","88.48","224.0","2026-01-12","2","1","[72.31, 74.65, 77.55]","[2585.8651, 2637.7007, 2760.732]","[2417.5365, 2461.5693, 2521.4019]","[5352753.0, 4252377.0, 3953922.0]","[4386875.0, 4256218.0, 4215700.0]","[3694383.0, 3436664.0, 3229369.0, 3033091.0]","[14543.0, 13916.5, 13346.5]","[9295.9, 9003.3, 8738.3]","[6380.92, 6312.22, 6250.62]","1","[19820, 18410, 17420]","27900.0","2026-02-11","40.77"
"VST","US","Vistra Corp.","Utilities","상승(+0.25%) XLU","short","2026-01-12","2026-02-11","30","166.3699951171875","56370395116.87866","871174734.5362091","2377743333.215332","0.0421807107841856","59.85","2.78","2026-01-12","0","4","[38.71, 36.04, 50.5]","[-3.4608, -4.2012, -3.4754]","[-3.8478, -3.9185, -3.8299]","[190064000.0, 175772100.0, 182638900.0]","[186168367.0, 185362344.0, 186401811.0]","[186603565.0, 186628110.0, 187078345.0, 187382215.0]","[163.79, 163.72, 164.42]","[172.23, 172.71, 173.67]","[174.42, 174.24, 174.16]","0","[166.37, 150.6, 154.6]","154.25999450683594","2026-02-11","-7.28"
"DHI","US","D.R. Horton, Inc.","Consumer Discretionary","상승(+5.65%) XLY","short","2026-01-12","2026-02-11","30","157.27999877929688","45784134981.293884","462078238.6951447","1149889799.0753174","0.0251154641131721","13.58","11.58","2026-01-12","3","1","[33.62, 46.55, 60.77]","[-2.4261, -2.2298, -1.1428]","[-1.636, -1.7547, -1.6323]","[-34427600.0, -41738700.0, -46149100.0]","[-39436444.0, -39638678.0, -38901467.0]","[-31592400.0, -30679620.0, -29590080.0, -28084225.0]","[148.57, 148.47, 148.64]","[148.67, 148.59, 148.84]","[143.62, 143.47, 143.39]","1","[157.28, 145.9, 139.31]","162.27999877929688","2026-02-11","3.18"
"WMS","US","Advanced Drainage Systems, Inc.","Industrials","상승(+5.24%) XLI","short","2026-01-12","2026-02-11","30","158.7899932861328","12348222368.629562","77239098.54255676","158821751.28479004","0.0128619121476362","27.1","5.86","2026-01-12","2","1","[50.09, 56.25, 65.87]","[0.4955, 0.6883, 1.4042]","[0.5666, 0.591, 0.7536]","[-7706500.0, -8706700.0, -9209800.0]","[-8418067.0, -8421356.0, -8346156.0]","[-8405835.0, -8426165.0, -8427765.0, -8379820.0]","[149.23, 148.77, 148.43]","[147.2, 146.84, 146.66]","[129.58, 129.34, 129.14]","1","[158.79, 151.61, 148.23]","175.07000732421875","2026-02-11","10.25"
"LEN-B","US","Lennar Corporation","Consumer Discretionary","상승(+5.65%) XLY","short","2026-01-12","2026-02-11","30","108.23999786376952","3378929420.4332657","9048694.504814148","21182567.581939694","0.0062690174745418","13.56","7.98","2026-01-12","4","1","[31.92, 44.4, 57.39]","[-4.8259, -4.2922, -3.242]","[-4.7775, -4.6805, -4.3928]","[174658.0, -21042.0, -67942.0]","[12414.0, -8053.0, -353.0]","[239338.0, 272923.0, 309648.0, 351443.0]","[101.42, 101.68, 102.22]","[110.04, 110.29, 110.69]","[110.89, 110.91, 110.95]","0","[108.24, 100.93, 96.2]","111.0","2026-02-11","2.55"
"000270","KR","기아","Consumer Discretionary","상승(+4.31%) TIGER 200 경기소비재","short","2026-01-13","2026-02-12","30","136000.0","53096167728000.0","136147145805.0","400458120000.0","0.0075421285025966","6.9","19704.0","2026-01-13","3","2","[68.54, 60.75, 67.57]","[2482.7299, 2677.7518, 3334.504]","[1754.1695, 1938.8859, 2218.0095]","[36442395.0, 33497850.0, 35266646.0]","[33947101.0, 33546546.0, 33425897.0]","[32989657.0, 32765779.0, 32740645.0, 32662120.0]","[123845.0, 123190.0, 122895.0]","[119404.0, 119008.0, 118738.0]","[103890.5, 103696.0, 103531.5]","1","[136000, 129300, 133200]","166300.0","2026-02-12","22.28"
"012330","KR","현대모비스","Consumer Discretionary","상승(+4.31%) TIGER 200 경기소비재","short","2026-01-13","2026-02-12","30","451000.0","40920394933000.0","163849633525.0","748292435000.0","0.0182865399081606","10.01","45048.0","2026-01-13","2","2","[70.85, 66.96, 79.53]","[15252.1269, 15535.8719, 20128.1408]","[13832.8352, 14173.4426, 15364.3822]","[10846511.0, 9187326.0, 9773098.0]","[9483937.0, 9295270.0, 9265211.0]","[9166157.0, 9067115.0, 9069963.0, 9028338.0]","[375150.0, 370625.0, 369025.0]","[336940.0, 334060.0, 332310.0]","[297750.0, 296845.0, 296195.0]","1","[451000, 394000, 399500]","446000.0","2026-02-12","-1.11"
"017670","KR","SK텔레콤","Communication Services","상승(+4.55%) TIGER 미디어컨텐츠","short","2026-01-13","2026-02-12","30","54300.0","11663099877900.0","32453148975.0","93944538600.0","0.0080548515903573","19.88","2732.0","2026-01-13","4","1","[45.05, 45.05, 61.18]","[-165.454, -165.8213, -60.5157]","[-137.2234, -142.943, -126.4575]","[6205529.0, 4475427.0, 4475427.0]","[5004985.0, 4910278.0, 4967850.0]","[5225169.0, 5214498.0, 5325215.0, 5453284.0]","[53280.0, 53235.0, 53265.0]","[53432.0, 53400.0, 53422.0]","[54540.0, 54552.0, 54566.5]","1","[54300, 53000, 53000]","78000.0","2026-02-12","43.65"
"009830","KR","한화솔루션","Energy","하락(-3.28%) KODEX 에너지화학","short","2026-01-13","2026-02-12","30","28450.0","4890342649200.0","23927185035.0","78273574600.0","0.0160057444262734","0.0","-2500.0","2026-01-13","3","0","[39.83, 47.71, 58.13]","[-344.3824, -313.2668, -165.6604]","[-300.7726, -303.2714, -275.7492]","[145322311.0, 142571043.0, 141345616.0]","[143401009.0, 143213991.0, 143274900.0]","[143323216.0, 143227042.0, 143226841.0, 143306058.0]","[27160.0, 27115.0, 27127.5]","[27734.0, 27769.0, 27849.0]","[29300.25, 29266.0, 29234.25]","1","[28450, 26950, 26100]","47550.0","2026-02-12","67.14"
"004020","KR","현대제철","Materials","상승(+0.07%) KODEX 소재산업","short","2026-01-13","2026-02-12","30","31250.0","4170180781250.0","16251068055.0","34410593750.0","0.0082515832178588","0.0","-168.0","2026-01-13","1","1","[37.17, 47.64, 55.28]","[-465.0117, -415.1077, -291.5065]","[-273.391, -301.7343, -299.6888]","[-5093608.0, -6194747.0, -7061810.0]","[-6085680.0, -6025151.0, -5873561.0]","[-5793446.0, -5893247.0, -5912125.0, -5877328.0]","[30632.5, 30597.5, 30632.5]","[30838.0, 30882.0, 30958.0]","[30677.25, 30664.25, 30659.75]","0","[31250, 30250, 29200]","33800.0","2026-02-12","8.16"
"065350","KR","신성델타테크","Consumer Discretionary","상승(+4.31%) TIGER 200 경기소비재","short","2026-01-13","2026-02-12","30","59700.0","1640791695600.0","8525107400.0","25627598100.0","0.0156190442508478","135.68","440.0","2026-01-13","1","2","[38.85, 39.9, 54.88]","[-733.77, -902.0915, -592.9178]","[-165.2127, -312.5885, -368.6543]","[25285430.0, 24856157.0, 24755655.0]","[25023606.0, 25002060.0, 25016830.0]","[25163246.0, 25187071.0, 25232359.0, 25292895.0]","[57975.0, 58170.0, 58635.0]","[57360.0, 57274.0, 57332.0]","[61252.5, 61287.5, 61356.0]","0","[59700, 54300, 54000]","75700.0","2026-02-12","26.8"
"120110","KR","코오롱인더","Materials","상승(+0.07%) KODEX 소재산업","short","2026-01-13","2026-02-12","30","47700.0","1312660640700.0","10794766630.0","46888050600.0","0.0357198571711543","14.95","3191.0","2026-01-13","3","2","[38.72, 51.04, 63.39]","[-275.82, -214.5387, 158.9954]","[478.841, 340.1651, 303.9312]","[4591134.0, 3608156.0, 3353974.0]","[3905295.0, 3877950.0, 3990932.0]","[4299060.0, 4299681.0, 4368025.0, 4428797.0]","[44682.5, 44552.5, 44707.5]","[42398.0, 42168.0, 42037.0]","[37321.0, 37241.5, 37181.5]","1","[47700, 43650, 41050]","62700.0","2026-02-12","31.45"
"456040","KR","OCI","Materials","상승(+0.07%) KODEX 소재산업","short","2026-01-13","2026-02-12","30","64100.0","573854929500.0","3077333785.0","15687898100.0","0.0273377421601464","0.0","-5595.0","2026-01-13","1","3","[29.17, 44.02, 63.92]","[-1069.238, -1025.278, -452.6567]","[-371.8607, -502.5442, -492.5667]","[-232325.0, -477066.0, -598676.0]","[-455398.0, -473827.0, -461792.0]","[-408806.0, -418021.0, -407034.0, -388513.0]","[59590.0, 59420.0, 59595.0]","[59790.0, 59686.0, 59752.0]","[57394.75, 57373.75, 57383.75]","1","[64100, 57500, 54800]","86700.0","2026-02-12","35.26"
"117730","KR","티로보틱스","Industrials","상승(+4.33%) KODEX 산업재","short","2026-01-13","2026-02-12","30","20400.0","444395109600.0","25648539712.5","56431275600.0","0.1269844658074518","0.0","-650.0","2026-01-13","0","3","[48.04, 46.6, 59.17]","[458.6893, 341.1597, 428.666]","[710.6581, 636.7584, 595.1399]","[81813686.0, 79047447.0, 79382857.0]","[80545914.0, 80657703.0, 80842077.0]","[80850788.0, 80572743.0, 80477926.0, 80409616.0]","[19338.0, 19209.0, 19207.0]","[18187.4, 18104.6, 18061.4]","[13473.35, 13444.6, 13435.1]","0","[20400, 18100, 18340]","24300.0","2026-02-12","19.12"
"138490","KR","코오롱ENP","Materials","상승(+0.07%) KODEX 소재산업","short","2026-01-13","2026-02-12","30","8870.0","337060000000.0","928940643.5","7542231960.0","0.0223765263157894","7.71","1150.0","2026-01-13","2","2","[38.62, 50.47, 62.37]","[-79.6154, -65.5868, 1.9921]","[6.7077, -7.7512, -5.8025]","[27445058.0, 26594750.0, 26451239.0]","[26703527.0, 26628052.0, 26654811.0]","[26769359.0, 26736319.0, 26753346.0, 26763168.0]","[8277.5, 8255.5, 8278.0]","[8213.0, 8191.8, 8189.8]","[7077.6, 7063.75, 7053.55]","1","[8870, 8170, 7710]","11850.0","2026-02-12","33.6"
"007860","KR","서연","Consumer Discretionary","상승(+4.31%) TIGER 200 경기소비재","short","2026-01-13","2026-02-12","30","9900.0","232450455600.0","669007660.5","3245665500.0","0.0139628270102646","2.3","4308.0","2026-01-13","1","2","[46.52, 45.64, 57.94]","[-75.4251, -74.8478, -39.2405]","[-1.2597, -15.9774, -20.63]","[42220349.0, 41892504.0, 41979163.0]","[42048676.0, 42052665.0, 42095508.0]","[42160427.0, 42159742.0, 42173436.0, 42184986.0]","[9692.0, 9698.0, 9722.0]","[9550.2, 9540.6, 9538.0]","[9193.25, 9186.2, 9176.4]","0","[9900, 9470, 9500]","10950.0","2026-02-12","10.61"
"DXCM","US","DexCom, Inc.","Health Care","상승(+3.88%) XLV","short","2026-01-13","2026-02-12","30","70.9800033569336","27683356295.81873","321814608.7144089","770807346.4546204","0.0278437100696147","39.43","1.8","2026-01-13","2","0","[58.03, 53.15, 64.36]","[1.1437, 1.0249, 1.2057]","[1.0185, 1.0198, 1.0569]","[1759300.0, -9100200.0, -1223700.0]","[-5460078.0, -6710000.0, -6452367.0]","[-10287490.0, -10874145.0, -11264155.0, -12474370.0]","[67.4, 67.3, 67.3]","[63.95, 63.9, 63.93]","[73.74, 73.75, 73.78]","1","[70.98, 67.4, 68.43]","68.1500015258789","2026-02-12","-3.99"
"AKAM","US","Akamai Technologies, Inc.","Information Technology","","short","2026-01-13","2026-02-12","30","91.2699966430664","13130579698.043953","209831494.94033813","613078821.4508057","0.0466909181124832","26.77","3.41","2026-01-13","2","2","[46.03, 53.51, 61.09]","[0.3651, 0.4015, 0.6767]","[0.7285, 0.6631, 0.6658]","[-24359600.0, -31076800.0, -34129400.0]","[-30235356.0, -30620767.0, -30088578.0]","[-28916610.0, -29566070.0, -29790485.0, -29972995.0]","[87.92, 87.63, 87.55]","[85.98, 85.62, 85.37]","[79.35, 79.3, 79.27]","1","[91.27, 88.12, 85.71]","94.8000030517578","2026-02-12","3.87"
"RBLX","US","Roblox Corporation","Communication Services","상승(+0.39%) XLC","short","2026-01-13","2026-02-12","30","76.72000122070312","50240479775.0636","746919042.9869461","2135738956.860352","0.0425103216852719","-48.31","-1.42","2026-01-13","2","0","[20.44, 32.3, 50.81]","[-5.5497, -5.3177, -4.4307]","[-5.3574, -5.3494, -5.1657]","[302028800.0, 276843200.0, 265287800.0]","[285036978.0, 284705500.0, 286516367.0]","[294219925.0, 295183005.0, 297827555.0, 301355625.0]","[81.03, 81.21, 82.09]","[91.4, 91.96, 93.1]","[101.8, 101.67, 101.59]","0","[84.8, 76.72, 73.27]","67.4800033569336","2026-02-12","-12.04"
"088350","KR","한화생명","Financials","상승(+1.65%) TIGER 200 금융","short","2026-01-14","2026-02-13","30","3385.0","2939974050000.0","10581324940.0","95280248840.0","0.032408533959679","3.79","894.0","2026-01-14","0","2","[43.67, 42.67, 62.4]","[5.4148, -3.1759, 15.6568]","[30.7679, 23.9791, 22.3147]","[136253150.0, 108105366.0, 109962140.0]","[114457372.0, 112282064.0, 113117523.0]","[115033715.0, 113731495.0, 113767954.0, 113607378.0]","[3212.25, 3198.25, 3195.75]","[3118.1, 3111.0, 3110.8]","[3093.0, 3089.45, 3087.6]","0","[3385, 3065, 3080]","4830.0","2026-02-13","42.69"
"001720","KR","신영증권","Financials","상승(+1.65%) TIGER 200 금융","short","2026-01-14","2026-02-13","30","141400.0","2324616000000.0","3029289300.0","7686928200.0","0.0033067518248175","18.24","7752.0","2026-01-14","2","1","[36.75, 36.98, 55.29]","[-3385.6455, -3426.4619, -2581.7857]","[-2364.5982, -2576.9709, -2577.9339]","[1389056.0, 1334693.0, 1323815.0]","[1342254.0, 1342295.0, 1353267.0]","[1384446.0, 1387353.0, 1391927.0, 1396334.0]","[137825.0, 138040.0, 138525.0]","[142752.0, 142822.0, 143006.0]","[125374.0, 125067.5, 124813.0]","0","[141400, 130900, 130800]","227500.0","2026-02-13","60.89"
"020150","KR","롯데에너지머티리얼즈","Information Technology","상승(+18.66%) TIGER 200 IT","short","2026-01-14","2026-02-13","30","34000.0","1780425742000.0","8268901945.0","32406488000.0","0.0182015386744503","0.0","-2464.0","2026-01-14","3","1","[38.37, 42.87, 56.07]","[-1667.3419, -1538.8233, -1161.3363]","[-1371.2259, -1404.7454, -1356.0635]","[13869552.0, 12916420.0, 12712689.0]","[12998943.0, 12929557.0, 12988827.0]","[13326918.0, 13354549.0, 13443136.0, 13541909.0]","[31555.0, 31655.0, 31955.0]","[34526.0, 34366.0, 34276.0]","[26398.95, 26361.2, 26339.95]","0","[34000, 30750, 29900]","42450.0","2026-02-13","24.85"
"005440","KR","현대지에프홀딩스","Industrials","상승(+5.50%) KODEX 산업재","short","2026-01-14","2026-02-13","30","8500.0","1325186558500.0","1747267059.5","4029748000.0","0.0030408910912598","2.48","3424.0","2026-01-14","2","1","[41.84, 41.56, 57.5]","[-95.9913, -101.1569, -62.5699]","[-33.0653, -46.6837, -49.8609]","[25195221.0, 24721133.0, 24932944.0]","[24842967.0, 24840304.0, 24878699.0]","[25196711.0, 25180032.0, 25155070.0, 25087698.0]","[8323.5, 8330.0, 8360.0]","[8261.4, 8247.4, 8243.0]","[7678.75, 7662.7, 7649.3]","0","[8500, 7980, 7990]","14420.0","2026-02-13","69.65"
"064960","KR","SNT모티브","Consumer Discretionary","상승(+12.10%) TIGER 200 경기소비재","short","2026-01-14","2026-02-13","30","36900.0","979336036800.0","2896379442.5","11232433800.0","0.011469437841481","10.89","3389.0","2026-01-14","2","3","[52.91, 57.4, 62.92]","[65.9713, 178.9052, 381.0169]","[169.342, 171.2547, 213.2071]","[3126983.0, 2822581.0, 2720251.0]","[2855159.0, 2836334.0, 2845443.0]","[2950040.0, 2949836.0, 2961592.0, 2985503.0]","[34357.5, 34277.5, 34215.0]","[33213.0, 33160.0, 33125.0]","[32156.25, 32101.25, 32052.5]","1","[36900, 35450, 34450]","34950.0","2026-02-13","-5.28"
"000370","KR","한화손해보험","Financials","상승(+1.65%) TIGER 200 금융","short","2026-01-14","2026-02-13","30","5440.0","635059697600.0","2437023956.0","11313426560.0","0.0178147449802835","3.26","1669.0","2026-01-14","0","3","[42.67, 41.94, 51.76]","[-11.5074, -24.6572, -17.1289]","[13.8977, 6.1867, 1.5236]","[91243590.0, 89163916.0, 89486094.0]","[90283916.0, 90313403.0, 90547177.0]","[90676854.0, 90661240.0, 90730573.0, 90772789.0]","[5425.0, 5421.5, 5421.0]","[5416.6, 5416.2, 5420.6]","[5298.75, 5292.48, 5287.52]","0","[5440, 5220, 5240]","7560.0","2026-02-13","38.97"
"089590","KR","제주항공","Industrials","상승(+5.50%) KODEX 산업재","short","2026-01-14","2026-02-13","30","5410.0","436267728850.0","637541225.5","1338098580.0","0.0030671500354317","0.0","-1996.0","2026-01-14","2","1","[43.35, 42.1, 51.86]","[-57.6921, -57.1513, -45.706]","[-52.304, -53.2734, -51.7599]","[-12036751.0, -12284089.0, -12179934.0]","[-12063113.0, -12000800.0, -11903315.0]","[-11778848.0, -11752032.0, -11716238.0, -11685652.0]","[5358.5, 5362.0, 5370.5]","[5415.4, 5421.4, 5430.4]","[6379.35, 6387.55, 6396.4]","0","[5410, 5280, 5300]","6370.0","2026-02-13","17.74"
"AMD","US","Advanced Micro Devices, Inc.","Information Technology","하락(-0.86%) XLK","short","2026-01-14","2026-02-13","30","220.97000122070312","359748341081.1554","6029000277.90947","12556509834.365845","0.0349035934304231","116.3","1.9","2026-01-14","2","2","[38.99, 43.85, 55.14]","[-2.6549, -2.7925, -1.8091]","[-2.0861, -2.2274, -2.1437]","[813868800.0, 757044300.0, 729757000.0]","[803159833.0, 808764911.0, 822507111.0]","[825067815.0, 824911325.0, 829449755.0, 833817820.0]","[211.99, 211.48, 212.17]","[222.17, 222.84, 223.98]","[166.82, 166.25, 165.76]","0","[220.97, 207.69, 203.17]","205.94000244140625","2026-02-13","-6.8"
"452260","KR","한화갤러리아","Consumer Discretionary","상승(+12.10%) TIGER 200 경기소비재","short","2026-01-14","2026-02-13","30","1622.0","314440287420.0","42290040042.45","113896786474.0","0.3622207173531402","0.0","-180.0","2026-01-14","1","3","[47.27, 48.17, 72.16]","[28.5367, 22.5601, 47.4554]","[54.9418, 48.4655, 48.2634]","[790037242.0, 719817275.0, 717531069.0]","[730661233.0, 724852636.0, 727492564.0]","[719060620.0, 707343370.0, 699100543.0, 690944583.0]","[1357.7, 1330.95, 1322.75]","[1184.64, 1173.62, 1170.22]","[1176.82, 1174.89, 1174.96]","1","[1622, 1248, 1240]","2365.0","2026-02-13","45.81"
"079960","KR","동양이엔피","Utilities","상승(+8.67%) TIGER KRX 기후변화솔루션","short","2026-01-14","2026-02-13","30","26750.0","210255000000.0","829582597.5","3859971500.0","0.0183585241730279","2.91","9202.0","2026-01-14","2","0","[52.98, 52.04, 69.92]","[228.521, 200.3293, 299.6056]","[400.7066, 360.6312, 348.426]","[1063211.0, 918913.0, 934827.0]","[951128.0, 943099.0, 949678.0]","[963787.0, 958183.0, 957869.0, 954530.0]","[25607.5, 25547.5, 25532.5]","[24317.0, 24210.0, 24142.0]","[22864.05, 22831.55, 22805.4]","1","[26750, 25200, 25250]","33600.0","2026-02-13","25.61"
"CNP","US","CenterPoint Energy, Inc.","Utilities","상승(+0.30%) XLU","short","2026-01-14","2026-02-13","30","38.59999847412109","25200714341.602077","170457379.68658447","345855986.32812494","0.0137240548676501","24.43","1.58","2026-01-14","1","2","[44.46, 44.33, 54.22]","[-0.1499, -0.1585, -0.1059]","[-0.1526, -0.1538, -0.1442]","[181154200.0, 172194200.0, 176781300.0]","[177959678.0, 177952100.0, 178595956.0]","[175733450.0, 175399815.0, 175303040.0, 175229495.0]","[38.16, 38.12, 38.1]","[38.61, 38.61, 38.63]","[37.62, 37.61, 37.59]","0","[38.6, 37.88, 37.89]","41.65999984741211","2026-02-13","7.93"
"MTDR","US","Matador Resources Company","Energy","상승(+3.13%) XLE","short","2026-01-14","2026-02-13","30","42.65999984741211","5301386848.5578","64564228.46908569","130202585.5342865","0.0245600989427336","6.84","6.24","2026-01-14","1","2","[50.5, 48.94, 52.32]","[-0.1808, -0.1723, -0.1023]","[-0.1043, -0.1179, -0.1148]","[7925700.0, 4873600.0, 6520200.0]","[7876022.0, 8106767.0, 8581922.0]","[8046885.0, 8086670.0, 8343935.0, 8606200.0]","[41.95, 42.03, 42.18]","[41.72, 41.64, 41.59]","[44.41, 44.44, 44.49]","0","[42.66, 41.89, 42.25]","46.84000015258789","2026-02-13","9.8"
