티커,종목명,PER,EPS,PBR,외국인보유율,날짜
005930,삼성전자,33.72,4816.0,2.68,51.94,20260128
000660,SK하이닉스,17.15,49038.0,5.81,53.59,20260128
373220,LG에너지솔루션,-,-3742.0,4.91,4.87,20260128
005380,현대차,12.38,39785.0,1.13,32.02,20260128
005935,삼성전자우,24.48,4816.0,1.94,77.64,20260128
207940,삼성바이오로직스,79.88,22422.0,10.47,12.71,20260128
402340,SK스퀘어,9.56,52740.0,2.73,51.53,20260128
012450,한화에어로스페이스,23.54,54715.0,7.36,44.97,20260128
329180,HD현대중공업,40.25,14560.0,8.05,15.02,20260128
034020,두산에너빌리티,-,-159.0,7.65,23.17,20260128
000270,기아,7.6,19704.0,0.99,40.17,20260128
105560,KB금융,9.24,14928.0,0.84,75.81,20260128
028260,삼성물산,24.7,12227.0,1.19,29.92,20260128
068270,셀트리온,68.97,3168.0,2.86,22.3,20260128
042660,한화오션,36.22,3959.0,8.03,11.17,20260128
035420,NAVER,20.05,13842.0,1.52,40.63,20260128
055550,신한지주,8.57,9774.0,0.7,59.97,20260128
012330,현대모비스,9.92,45048.0,0.83,43.56,20260128
032830,삼성생명,17.62,10909.0,0.89,23.26,20260128
015760,한국전력,4.63,12830.0,0.82,23.42,20260128
010130,고려아연,116.25,15493.0,4.21,9.6,20260128
267260,HD현대일렉트릭,52.71,17112.0,18.25,36.91,20260128
006400,삼성SDI,-,-7300.0,1.45,23.6,20260128
005490,POSCO홀딩스,67.99,5560.0,0.51,29.61,20260128
009540,HD한국조선해양,14.76,28618.0,2.4,33.81,20260128
086790,하나금융지주,7.44,13804.0,0.64,67.77,20260128
035720,카카오,117.71,525.0,2.56,30.95,20260128
010140,삼성중공업,75.5,400.0,6.46,32.86,20260128
051910,LG화학,-,-18880.0,0.86,35.03,20260128
064350,현대로템,35.14,6346.0,8.43,33.24,20260128
298040,효성중공업,53.86,46753.0,10.75,26.42,20260128
196170,알테오젠,185.26,2348.0,62.76,13.58,20260128
086520,에코프로,-,-148.0,14.14,21.91,20260128
000810,삼성화재,12.32,39851.0,1.12,56.3,20260128
247540,에코프로비엠,7156.25,32.0,13.35,13.55,20260128
316140,우리금융지주,6.96,4341.0,0.63,48.09,20260128
034730,SK,13.09,23333.0,0.61,28.07,20260128
003670,포스코퓨처엠,-,-2583.0,5.25,9.06,20260128
009150,삼성전기,31.41,8913.0,2.3,38.01,20260128
006800,미래에셋증권,19.97,1743.0,1.6,11.13,20260128
138040,메리츠금융지주,8.8,12589.0,1.84,14.66,20260128
011200,HMM,7.78,2572.0,0.74,7.0,20260128
267250,HD현대,26.14,9086.0,1.74,26.0,20260128
096770,SK이노베이션,-,-14112.0,0.71,12.62,20260128
086280,현대글로비스,12.98,18528.0,1.84,47.93,20260128
042700,한미반도체,72.48,2511.0,26.29,7.93,20260128
024110,기업은행,6.42,3389.0,0.49,13.94,20260128
010120,LS ELECTRIC,64.52,8866.0,8.6,22.49,20260128
033780,KT&G,15.51,9254.0,1.62,43.33,20260128
272210,한화시스템,28.25,3151.0,3.5,9.71,20260128
066570,LG전자,16.81,5943.0,0.8,32.08,20260128
047810,한국항공우주,118.63,1406.0,9.12,30.23,20260128
352820,하이브,-,-20.0,4.96,20.26,20260128
0126Z0,삼성에피스홀딩스,-,-,-,5.95,20260128
017670,SK텔레콤,25.26,2732.0,1.26,38.73,20260128
000150,두산,324.28,2797.0,9.46,17.08,20260128
003550,LG,20.65,4426.0,0.51,35.72,20260128
030200,KT,14.62,3824.0,0.77,49.0,20260128
018260,삼성에스디에스,17.8,9913.0,1.42,20.09,20260128
277810,레인보우로보틱스,6950.0,100.0,102.63,9.15,20260128
298380,에이비엘바이오,-,-528.0,73.05,14.18,20260128
259960,크래프톤,10.07,26126.0,1.66,42.47,20260128
307950,현대오토에버,67.3,6553.0,6.76,2.18,20260128
000720,현대건설,-,-2371.0,1.47,23.37,20260128
079550,LIG넥스원,36.1,14600.0,8.16,30.07,20260128
010950,S-Oil,-,-1542.0,1.35,77.48,20260128
071050,한국금융지주,7.02,28863.0,1.02,38.09,20260128
047050,포스코인터내셔널,27.94,2287.0,1.66,7.53,20260128
323410,카카오뱅크,24.4,963.0,1.67,14.93,20260128
039490,키움증권,10.82,36496.0,1.63,29.75,20260128
000250,삼천당제약,-,-486.0,38.21,3.85,20260128
278470,에이피알,43.7,6202.0,29.09,29.8,20260128
005387,현대차2우B,6.84,39785.0,0.62,56.64,20260128
005830,DB손해보험,6.06,22524.0,0.82,44.83,20260128
326030,SK바이오팜,29.18,4092.0,13.9,13.19,20260128
007660,이수페타시스,63.65,1970.0,12.88,30.02,20260128
003230,삼양식품,24.42,49106.0,8.27,16.87,20260128
028300,HLB,-,-1675.0,23.37,19.14,20260128
005940,NH투자증권,10.15,2452.0,1.02,14.19,20260128
377300,카카오페이,195.22,335.0,4.67,27.42,20260128
000100,유한양행,130.91,838.0,3.8,17.14,20260128
003490,대한항공,9.27,2567.0,0.81,16.87,20260128
000880,한화,8.68,13070.0,0.92,17.19,20260128
443060,HD현대마린솔루션,31.36,5912.0,10.65,30.48,20260128
950160,코오롱티슈진,-,-1077.0,43.76,5.26,20260128
161390,한국타이어앤테크놀로지,8.47,7677.0,0.69,38.3,20260128
016360,삼성증권,8.39,10526.0,1.01,29.77,20260128
090430,아모레퍼시픽,58.5,2289.0,1.72,24.11,20260128
454910,두산로보틱스,-,-956.0,21.41,3.85,20260128
180640,한진칼,44.33,2630.0,2.37,20.28,20260128
141080,리가켐바이오,-,-686.0,13.31,11.65,20260128
087010,펩트론,-,-619.0,50.28,5.93,20260128
006260,LS,31.39,6976.0,1.22,18.56,20260128
032640,LG유플러스,18.5,866.0,0.78,42.31,20260128
064400,LG씨엔에스,16.56,4180.0,2.44,10.01,20260128
128940,한미약품,57.08,9093.0,5.56,13.39,20260128
058470,리노공업,43.96,1977.0,9.57,32.04,20260128
029780,삼성카드,10.37,5441.0,0.69,5.74,20260128
028050,삼성E&A,11.47,2802.0,1.38,49.84,20260128
005385,현대차우,6.77,39785.0,0.62,54.86,20260128
022100,포스코DX,84.05,486.0,10.87,2.52,20260128
011070,LG이노텍,19.52,13193.0,1.11,30.11,20260128
034220,LG디스플레이,-,-671.0,0.9,27.71,20260128
078930,GS,10.66,6014.0,0.42,18.42,20260128
214370,케어젠,206.04,530.0,24.77,3.54,20260128
001040,CJ,18.16,10917.0,1.23,16.1,20260128
021240,코웨이,10.06,7909.0,1.66,57.95,20260128
241560,두산밥캣,13.21,4520.0,0.82,36.98,20260128
066970,엘앤에프,-,-12604.0,12.33,18.54,20260128
088980,맥쿼리인프라,-,-,-,8.81,20260128
214450,파마리서치,39.59,13007.0,9.01,10.92,20260128
450080,에코프로머티,46.77,1595.0,4.47,20.41,20260128
267270,HD건설기계,21.34,5029.0,1.05,19.37,20260128
240810,원익IPS,64.89,1609.0,5.44,23.91,20260128
140410,메지온,-,-729.0,136.49,23.88,20260128
052690,한전기술,49.26,2718.0,8.3,15.21,20260128
138930,BNK금융지주,6.58,2490.0,0.48,41.34,20260128
001440,대한전선,112.97,239.0,3.3,8.01,20260128
036570,엔씨소프트,14.8,15713.0,1.32,34.83,20260128
009830,한화솔루션,-,-2500.0,0.53,11.94,20260128
082740,한화엔진,43.44,1326.0,10.41,21.62,20260128
271560,오리온,8.73,13403.0,1.28,33.28,20260128
062040,산일전기,34.44,4367.0,8.49,11.37,20260128
000990,DB하이텍,18.92,5533.0,2.04,34.58,20260128
175330,JB금융지주,6.7,3576.0,0.77,34.3,20260128
251270,넷마블,42.21,1251.0,0.8,27.52,20260128
108490,로보티즈,1128.68,272.0,39.75,8.32,20260128
214150,클래시스,37.68,1802.0,8.54,70.74,20260128
011790,SKC,-,-11943.0,2.98,10.14,20260128
004020,현대제철,-,-168.0,0.22,22.28,20260128
347850,디앤디파마텍,-,-813.0,57.23,8.01,20260128
039030,이오테크닉스,76.24,4591.0,6.46,23.23,20260128
051900,LG생활건강,73.65,3734.0,0.81,26.63,20260128
002380,KCC,3.51,132701.0,0.46,13.85,20260128
302440,SK바이오사이언스,-,-75.0,2.2,6.09,20260128
310210,보로노이,-,-2572.0,73.7,5.29,20260128
011780,금호석유화학,12.59,11743.0,0.61,21.94,20260128
035250,강원랜드,10.28,1695.0,0.9,12.29,20260128
0009K0,에임드바이오,-,-73.0,37.14,0.29,20260128
403870,HPSP,44.27,994.0,12.52,26.38,20260128
011170,롯데케미칼,-,-41651.0,0.27,23.1,20260128
111770,영원무역,8.25,10080.0,0.93,30.23,20260128
036460,한국가스공사,4.22,9450.0,0.31,11.03,20260128
145020,휴젤,26.03,11391.0,3.53,53.9,20260128
017800,현대엘리베이터,11.06,8229.0,2.53,21.02,20260128
319400,현대무벡스,140.31,227.0,21.94,1.33,20260128
263750,펄어비스,66.79,825.0,4.18,6.3,20260128
103140,풍산,19.55,6374.0,1.51,17.93,20260128
018880,한온시스템,-,-410.0,0.9,8.69,20260128
031210,서울보증보험,14.92,3288.0,0.66,1.66,20260128
058610,에스피지,255.91,592.0,13.27,5.11,20260128
068760,셀트리온제약,91.36,810.0,7.69,5.53,20260128
457190,이수스페셜티케미컬,1497.18,71.0,24.78,6.62,20260128
357780,솔브레인,47.64,8658.0,3.03,26.3,20260128
097950,CJ제일제당,58.53,3639.0,0.44,14.1,20260128
004990,롯데지주,-,-9521.0,0.39,8.34,20260128
030530,원익홀딩스,-,-163.0,3.17,3.44,20260128
103590,일진전기,36.65,1801.0,5.61,14.15,20260128
257720,실리콘투,19.75,2597.0,8.04,9.99,20260128
237690,에스티팜,82.33,1828.0,5.6,10.26,20260128
014680,한솔케미칼,20.09,13586.0,2.79,37.27,20260128
071970,HD현대마린엔진,29.68,3042.0,8.15,16.26,20260128
226950,올릭스,-,-2259.0,23.44,6.82,20260128
204320,HL만도,25.47,2525.0,1.25,12.2,20260128
088350,한화생명,3.79,894.0,0.19,8.01,20260128
012750,에스원,15.99,4758.0,1.5,56.67,20260128
004170,신세계,76.73,3877.0,0.57,17.18,20260128
489790,한화비전,655.29,85.0,3.52,20.36,20260128
095340,ISC,60.39,2179.0,5.24,20.88,20260128
008930,한미사이언스,36.94,1099.0,2.97,2.69,20260128
439260,대한조선,5.72,12457.0,2.69,1.32,20260128
009420,한올바이오파마,1193.18,44.0,16.9,6.47,20260128
001720,신영증권,21.52,7752.0,0.69,7.18,20260128
012510,더존비즈온,38.63,2330.0,4.57,16.61,20260128
041510,에스엠,8.79,13436.0,2.78,27.28,20260128
353200,대덕전자,106.45,512.0,3.21,18.06,20260128
005850,에스엘,8.5,6768.0,1.07,14.45,20260128
383220,F&F,7.59,9162.0,1.5,11.08,20260128
009970,영원무역홀딩스,8.25,23877.0,0.82,22.32,20260128
160190,하이젠알앤엠,-,-247.0,38.68,1.46,20260128
051600,한전KPS,18.54,3117.0,1.98,12.01,20260128
035900,JYP Ent.,16.36,4469.0,4.08,12.26,20260128
026960,동서,17.97,1441.0,1.51,3.85,20260128
064760,티씨케이,37.33,6107.0,5.04,64.3,20260128
004800,효성,7.99,18963.0,1.1,20.25,20260128
028670,팬오션,11.41,411.0,0.45,15.49,20260128
005290,동진쎄미켐,23.51,2061.0,2.39,12.14,20260128
004370,농심,15.19,26965.0,0.86,20.38,20260128
475830,오름테라퓨틱,-,-1833.0,17.08,3.75,20260128
000240,한국앤컴퍼니,8.0,3257.0,0.54,10.32,20260128
001450,현대해상,2.35,11763.0,0.42,34.46,20260128
001430,세아베스틸지주,609.82,112.0,1.27,6.8,20260128
139480,이마트,-,-11074.0,0.21,26.22,20260128
081660,미스토홀딩스,15.81,2890.0,1.23,42.05,20260128
067310,하나마이크론,110.86,327.0,6.4,15.63,20260128
030000,제일기획,13.18,1586.0,1.43,25.12,20260128
139130,iM금융지주,6.31,2366.0,0.39,46.18,20260128
097230,HJ중공업,-,-200.0,6.28,3.56,20260128
084370,유진테크,38.18,2677.0,5.38,31.07,20260128
011210,현대위아,16.08,5325.0,0.63,15.62,20260128
098460,고영,130.69,259.0,6.94,15.55,20260128
023590,다우기술,5.19,9902.0,0.67,26.89,20260128
002790,아모레퍼시픽홀딩스,23.5,1219.0,0.75,12.17,20260128
336260,두산퓨얼셀,-,-445.0,6.06,18.97,20260128
000120,CJ대한통운,9.01,11024.0,0.49,16.16,20260128
083650,비에이치아이,37.13,1958.0,13.72,18.87,20260128
361610,SK아이이테크놀로지,-,-2481.0,0.85,5.0,20260128
020150,롯데에너지머티리얼즈,-,-2464.0,1.35,7.3,20260128
222800,심텍,-,-2123.0,4.0,14.72,20260128
476830,알지노믹스,-,-10344.0,-,3.04,20260128
192820,코스맥스,44.37,4395.0,4.84,36.82,20260128
437730,삼현,319.72,218.0,19.04,1.26,20260128
010060,OCI홀딩스,-,-9914.0,0.58,19.83,20260128
003690,코리안리,6.41,1751.0,0.55,24.89,20260128
323280,태성,-,-67.0,17.36,5.15,20260128
023530,롯데쇼핑,-,-36699.0,0.14,8.81,20260128
047040,대우건설,-,-67.0,0.52,9.69,20260128
462870,시프트업,11.1,3285.0,2.49,37.13,20260128
018670,SK가스,7.07,32192.0,0.7,7.49,20260128
140860,파크시스템스,42.56,7014.0,9.5,28.69,20260128
445680,큐리옥스바이오시스템즈,-,-1429.0,38.08,4.79,20260128
282330,BGF리테일,10.69,10932.0,1.61,31.6,20260128
069960,현대백화점,11.28,7846.0,0.43,23.78,20260128
039200,오스코텍,-,-344.0,16.76,8.76,20260128
065350,신성델타테크,164.77,440.0,9.06,2.78,20260128
000155,두산우,177.87,2797.0,5.19,4.84,20260128
006280,녹십자,35.28,4821.0,1.49,22.8,20260128
483650,달바글로벌,26.29,6086.0,9.69,18.43,20260128
491000,리브스메드,-,-1209.0,33.22,1.46,20260128
101490,에스앤에스텍,48.03,1932.0,6.91,8.74,20260128
069620,대웅제약,21.2,8043.0,2.23,15.68,20260128
458870,씨어스테크놀로지,247.14,630.0,65.09,8.16,20260128
348370,엔켐,-,-9434.0,3.76,4.33,20260128
178320,서진시스템,-,-2120.0,2.77,7.84,20260128
00680K,미래에셋증권2우B,7.92,1743.0,0.63,21.56,20260128
090710,휴림로봇,584.07,27.0,13.34,7.32,20260128
290650,엘앤씨바이오,22.46,3331.0,7.1,9.78,20260128
466100,클로봇,-,-313.0,31.16,4.25,20260128
006040,동원산업,5.58,7429.0,0.56,4.83,20260128
036930,주성엔지니어링,29.03,1321.0,2.95,14.11,20260128
017960,한국카본,27.31,1276.0,3.25,12.48,20260128
008770,호텔신라,-,-5505.0,1.54,14.83,20260128
082270,젬백스,-,-1459.0,34.81,7.98,20260128
005070,코스모신소재,656.63,83.0,3.58,5.18,20260128
003570,SNT다이내믹스,21.52,2458.0,1.36,6.13,20260128
007070,GS리테일,21.47,971.0,0.53,12.63,20260128
032350,롯데관광개발,-,-750.0,5.0,20.39,20260128
375500,DL이앤씨,6.85,6574.0,0.37,28.94,20260128
073240,금호타이어,6.81,885.0,0.94,9.13,20260128
388720,유일로보틱스,-,-1619.0,17.95,16.07,20260128
112610,씨에스윈드,8.49,4718.0,1.29,14.06,20260128
281740,레이크머티리얼즈,132.9,193.0,12.97,6.38,20260128
298020,효성티앤씨,26.02,14852.0,1.06,16.05,20260128
395400,SK리츠,-,-,-,7.99,20260128
085620,미래에셋생명,8.93,1041.0,0.49,1.37,20260128
099320,쎄트렉아이,134.65,1114.0,6.81,8.62,20260128
089030,테크윙,-,-324.0,7.89,10.39,20260128
060370,LS마린솔루션,146.95,213.0,2.55,2.41,20260128
006360,GS건설,78.31,242.0,0.35,24.6,20260128
161890,한국콜마,14.16,4809.0,1.87,35.32,20260128
007810,코리아써키트,-,-3094.0,5.04,6.62,20260128
020560,아시아나항공,-,-1853.0,1.91,3.1,20260128
085660,차바이오텍,-,-1712.0,4.62,6.73,20260128
031980,피에스케이홀딩스,13.99,5277.0,3.29,2.51,20260128
232140,와이씨,192.1,100.0,4.52,3.08,20260128
034230,파라다이스,15.52,1093.0,0.87,10.21,20260128
035760,CJ ENM,18.76,3795.0,0.51,17.26,20260128
007390,네이처셀,-,-45.0,24.82,8.52,20260128
319660,피에스케이,20.86,2574.0,3.01,24.89,20260128
007310,오뚜기,15.34,25221.0,0.64,11.39,20260128
293490,카카오게임즈,-,-1346.0,1.09,10.05,20260128
195940,HK이노엔,22.98,2372.0,1.19,10.55,20260128
007340,DN오토모티브,6.03,4230.0,0.7,4.95,20260128
003540,대신증권,11.65,2515.0,0.58,9.0,20260128
003380,하림지주,12.41,1054.0,0.4,7.49,20260128
253450,스튜디오드래곤,77.64,626.0,1.7,8.71,20260128
032820,우리기술,105.3,83.0,10.59,6.44,20260128
000500,가온전선,25.05,3497.0,3.09,0.64,20260128
077970,STX엔진,20.16,1788.0,4.38,6.46,20260128
096530,씨젠,-,-12.0,1.27,16.22,20260128
001120,LX인터내셔널,12.33,2976.0,0.48,22.88,20260128
294870,HDC현대산업개발,7.33,2912.0,0.42,17.11,20260128
204270,제이앤티씨,-,-1513.0,5.29,2.43,20260128
005440,현대지에프홀딩스,2.62,3424.0,0.36,5.47,20260128
456160,지투지바이오,-,-1078.0,23.83,3.47,20260128
122870,와이지엔터테인먼트,27.5,2698.0,2.7,10.51,20260128
328130,루닛,-,-3037.0,8.32,10.23,20260128
051915,LG화학우,-,-18880.0,0.43,43.63,20260128
003090,대웅,17.63,1333.0,0.88,5.74,20260128
120110,코오롱인더,15.45,3191.0,0.39,12.65,20260128
397030,에이프릴바이오,-,-39.0,14.7,5.55,20260128
131970,두산테스나,-,-721.0,3.14,7.62,20260128
095610,테스,19.65,3400.0,3.16,12.19,20260128
166090,하나머티리얼즈,39.63,1683.0,3.02,15.76,20260128
183300,코미코,22.83,5519.0,5.06,16.71,20260128
030610,교보증권,10.81,1067.0,0.61,1.95,20260128
174900,앱클론,-,-861.0,44.61,8.74,20260128
001800,오리온홀딩스,8.03,2603.0,0.52,8.91,20260128
003530,한화투자증권,20.23,301.0,0.7,8.17,20260128
484870,엠앤씨솔루션,29.9,4736.0,7.2,10.52,20260128
115180,큐리언트,-,-689.0,25.57,3.99,20260128
229640,LS에코에너지,30.75,1366.0,6.39,4.46,20260128
056080,유진로봇,-,-185.0,44.21,15.14,20260128
330590,롯데리츠,-,-,-,7.9,20260128
249420,일동제약,41.09,971.0,5.42,4.26,20260128
080220,제주반도체,35.0,1043.0,5.8,2.59,20260128
000080,하이트진로,14.64,1221.0,1.06,6.48,20260128
004000,롯데정밀화학,20.73,2340.0,0.51,21.78,20260128
161580,필옵틱스,-,-279.0,7.88,1.6,20260128
415640,KB발해인프라,-,-,-,0.55,20260128
300720,한일시멘트,14.77,1127.0,0.67,4.77,20260128
388210,씨엠티엑스,42.5,3099.0,9.59,2.56,20260128
078600,대주전자재료,32.37,2431.0,4.86,12.01,20260128
137400,피엔티,13.02,3931.0,2.02,5.3,20260128
005300,롯데칠성,18.81,6923.0,0.84,16.0,20260128
185750,종근당,20.25,4292.0,1.21,15.52,20260128
298050,HS효성첨단소재,-,-1489.0,1.23,10.99,20260128
285130,SK케미칼,15.68,4394.0,0.58,12.83,20260128
218410,RFHIC,74.62,597.0,3.51,20.86,20260128
036830,솔브레인홀딩스,14.48,3873.0,0.82,4.39,20260128
100090,SK오션플랜트,45.69,411.0,1.51,5.94,20260128
071320,지역난방공사,3.57,28301.0,0.53,5.81,20260128
124500,아이티센글로벌,51.13,972.0,11.44,5.93,20260128
000815,삼성화재우,9.33,39851.0,0.85,28.72,20260128
348340,뉴로메카,-,-1836.0,76.74,3.59,20260128
000670,영풍,-,-10089.0,0.31,13.78,20260128
192080,더블유게임즈,7.06,7437.0,0.9,18.58,20260128
012630,HDC,4.47,4214.0,0.33,21.29,20260128
056190,에스에프에이,53.45,580.0,0.98,10.85,20260128
075580,세진중공업,28.24,693.0,5.49,5.69,20260128
082640,동양생명,6.12,1112.0,0.82,48.0,20260128
112040,위메이드,5.21,6167.0,2.41,7.54,20260128
036810,에프에스티,-,-13.0,4.21,7.56,20260128
195870,해성디에스,40.91,1557.0,1.94,14.99,20260128
137310,에스디바이오센서,9.64,922.0,0.35,6.53,20260128
089860,롯데렌탈,8.73,3415.0,0.71,6.94,20260128
365550,ESR켄달스퀘어리츠,-,-,-,39.75,20260128
009240,한샘,28.45,1603.0,1.93,13.31,20260128
006120,SK디스커버리,18.62,3115.0,0.38,15.02,20260128
043260,성호전자,-,-63.0,6.64,1.32,20260128
001740,SK네트웍스,-,-39.0,0.46,15.29,20260128
358570,지아이이노베이션,-,-897.0,8.97,5.86,20260128
347700,스피어,-,-117.0,11.78,8.13,20260128
440110,파두,-,-1235.0,18.04,11.42,20260128
280360,롯데웰푸드,16.3,6927.0,0.47,13.13,20260128
006650,대한유화,19.24,8369.0,0.54,11.87,20260128
181710,NHN,-,-1355.0,0.68,13.18,20260128
389470,인벤티지랩,-,-1445.0,16.96,2.54,20260128
376900,로킷헬스케어,-,-535.0,101.69,0.15,20260128
036540,SFA반도체,-,-165.0,2.2,2.83,20260128
417200,LS머트리얼즈,1666.67,9.0,5.52,3.05,20260128
079160,CJ CGV,-,-1434.0,1.62,5.69,20260128
086900,메디톡스,46.81,2948.0,2.08,12.18,20260128
295310,에이치브이엠,-,-507.0,12.2,4.9,20260128
030190,NICE평가정보,12.0,1418.0,2.22,33.71,20260128
032190,다우데이타,5.2,4957.0,0.64,14.24,20260128
003160,디아이,43.89,794.0,5.43,10.32,20260128
490470,세미파이브,-,-10353.0,7.5,0.7,20260128
213420,덕산네오룩스,20.68,1910.0,2.26,10.97,20260128
348210,넥스틴,76.94,1214.0,6.34,9.96,20260128
064960,SNT모티브,10.81,3389.0,0.87,17.82,20260128
006730,서부T&D,14.46,1036.0,0.95,16.59,20260128
082920,비츠로셀,16.82,1269.0,3.08,31.91,20260128
486990,노타,-,-2798.0,204.79,0.34,20260128
042000,카페24,25.72,1532.0,3.69,16.48,20260128
192400,쿠쿠홀딩스,6.85,3914.0,0.66,12.26,20260128
317450,명인제약,10.63,6131.0,1.23,1.0,20260128
078160,메디포스트,-,-2577.0,3.54,2.78,20260128
189300,인텔리안테크,-,-328.0,3.63,13.58,20260128
241710,코스메카코리아,20.33,4259.0,3.87,16.68,20260128
281820,케이씨텍,15.39,2902.0,1.73,13.76,20260128
00088K,한화3우B,3.63,13070.0,0.39,25.33,20260128
052400,코나아이,15.05,4192.0,3.8,4.54,20260128
036530,SNT홀딩스,6.65,8469.0,0.61,14.15,20260128
222080,씨아이에스,19.47,609.0,1.85,8.84,20260128
376300,디어유,66.15,582.0,4.55,6.32,20260128
131290,티에스이,22.35,3696.0,2.51,9.16,20260128
093370,후성,-,-765.0,2.9,7.08,20260128
003240,태광산업,5.62,143869.0,0.17,4.09,20260128
365340,성일하이텍,-,-10331.0,6.45,2.02,20260128
048410,현대바이오,-,-240.0,8.1,5.45,20260128
004490,세방전지,6.78,9488.0,0.54,24.47,20260128
108320,LX세미콘,10.52,5198.0,0.81,29.09,20260128
468530,프로티나,-,-912.0,28.44,2.5,20260128
499790,GS피앤엘,52.24,848.0,1.03,12.5,20260128
121600,나노신소재,-,-431.0,3.53,6.32,20260128
225570,넥슨게임즈,-,-482.0,3.01,3.68,20260128
066575,LG전자우,8.51,5943.0,0.4,44.04,20260128
090360,로보스타,-,-171.0,9.89,3.75,20260128
476060,온코닉테라퓨틱스,48.99,395.0,12.48,0.88,20260128
033500,동성화인텍,14.13,2046.0,3.55,19.89,20260128
060250,NHN KCP,18.79,1144.0,2.89,6.78,20260128
000210,DL,-,-1195.0,0.23,14.46,20260128
399720,가온칩스,-,-943.0,15.91,0.57,20260128
214430,아이쓰리시스템,46.44,2526.0,6.54,2.7,20260128
071055,한국금융지주우,5.05,28863.0,0.73,22.42,20260128
005690,파미셀,29.69,479.0,7.73,8.32,20260128
009450,경동나비엔,7.12,8217.0,1.12,8.19,20260128
009520,포스코엠텍,-,-86.0,8.05,6.28,20260128
014620,성광벤드,25.98,1230.0,1.57,29.92,20260128
067160,SOOP,8.53,8631.0,1.79,32.44,20260128
424870,이뮨온시아,-,-79.0,22.13,1.24,20260128
086450,동국제약,13.72,1344.0,1.28,15.22,20260128
100840,SNT에너지,12.84,3119.0,2.39,6.71,20260128
003470,유안타증권,11.94,346.0,0.51,66.08,20260128
451800,한화리츠,-,-,-,1.09,20260128
336570,원텍,18.71,480.0,5.15,5.8,20260128
014820,동원시스템즈,13.9,2003.0,0.96,13.77,20260128
003620,KG모빌리티,265.33,15.0,0.55,21.29,20260128
069260,TKG휴켐스,11.63,1690.0,0.84,10.15,20260128
0120G0,삼양바이오팜,-,-,-,6.34,20260128
251970,펌텍코리아,18.15,3537.0,2.73,17.32,20260128
114090,GKL,14.93,860.0,1.79,15.27,20260128
100790,미래에셋벤처투자,198.53,75.0,2.2,1.88,20260128
003850,보령,13.65,671.0,0.95,6.95,20260128
102710,이엔에프테크놀로지,16.0,3431.0,1.78,14.5,20260128
060280,큐렉소,-,-106.0,8.24,1.9,20260128
002350,넥센타이어,5.11,1552.0,0.41,9.75,20260128
007700,F&F홀딩스,6.98,2829.0,0.34,0.55,20260128
025980,아난티,-,-445.0,1.05,8.36,20260128
248070,솔루엠,39.88,405.0,1.62,22.33,20260128
287840,인투셀,-,-753.0,31.63,4.92,20260128
127120,제이에스링크,-,-494.0,15.48,2.64,20260128
383310,에코프로에이치엔,43.92,830.0,2.54,7.75,20260128
001680,대상,9.47,2313.0,0.55,16.03,20260128
032500,케이엠더블유,-,-697.0,5.87,5.45,20260128
102940,코오롱생명과학,40.96,1433.0,2.11,6.28,20260128
079900,전진건설로봇,23.41,2213.0,5.11,0.35,20260128
025540,한국단자,6.93,10757.0,0.66,26.25,20260128
214320,이노션,8.86,2115.0,0.73,20.68,20260128
211050,인카금융서비스,11.38,1335.0,3.7,3.12,20260128
053800,안랩,15.48,4329.0,1.66,25.69,20260128
372320,큐로셀,-,-2755.0,36.88,1.79,20260128
381970,케이카,13.71,1096.0,3.17,9.18,20260128
005250,녹십자홀딩스,6.01,2595.0,0.7,10.93,20260128
074600,원익QnC,26.68,1044.0,1.51,5.3,20260128
038500,삼표시멘트,18.22,371.0,0.95,1.73,20260128
005180,빙그레,9.17,8263.0,0.86,19.2,20260128
253590,네오셈,83.71,197.0,6.18,1.33,20260128
023160,태광,10.97,2474.0,1.14,19.79,20260128
089970,브이엠,45.29,648.0,4.67,7.86,20260128
278280,천보,39.0,1564.0,1.69,2.73,20260128
039130,하나투어,10.62,4298.0,4.25,13.05,20260128
000640,동아쏘시오홀딩스,6.56,16471.0,0.61,15.93,20260128
001060,JW중외제약,12.02,2521.0,2.07,8.4,20260128
001270,부국증권,20.13,3378.0,0.74,0.57,20260128
00104K,CJ4우(전환),15.27,10917.0,1.03,5.66,20260128
033100,제룡전기,11.64,3757.0,3.05,8.07,20260128
002020,코오롱,-,-8727.0,0.41,11.03,20260128
019170,신풍제약,-,-77.0,2.58,7.06,20260128
950210,프레스티지바이오파마,44.47,262.0,1.71,63.3,20260128
420770,기가비스,171.43,322.0,3.52,3.93,20260128
010780,아이에스동서,-,-6267.0,0.51,5.31,20260128
025320,시노펙스,25.2,300.0,3.94,2.68,20260128
000370,한화손해보험,3.57,1669.0,0.35,11.57,20260128
041190,우리기술투자,3.28,2523.0,0.8,3.26,20260128
293940,신한알파리츠,-,-,-,10.98,20260128
018290,브이티,8.23,2408.0,2.92,9.77,20260128
125490,한라캐스트,49.09,386.0,6.61,0.46,20260128
008730,율촌화학,-,-816.0,2.37,4.41,20260128
268280,미원에스씨,11.32,11942.0,1.5,0.5,20260128
064260,다날,-,-635.0,2.47,5.17,20260128
093320,케이아이엔엑스,41.14,3354.0,3.38,42.11,20260128
475150,SK이터닉스,22.28,889.0,2.65,5.71,20260128
488900,비츠로넥스텍,-,-,-,0.33,20260128
126340,비나텍,-,-1203.0,7.64,7.39,20260128
101730,위메이드맥스,-,-408.0,1.39,9.59,20260128
005420,코스모화학,-,-1647.0,3.15,5.23,20260128
057050,현대홈쇼핑,8.01,6907.0,0.27,14.3,20260128
002840,미원상사,14.98,9318.0,1.56,2.55,20260128
383800,LX홀딩스,4.51,1911.0,0.34,12.79,20260128
047920,HLB제약,142.79,140.0,5.42,0.18,20260128
084110,휴온스글로벌,26.58,1930.0,1.16,8.03,20260128
095660,네오위즈,28.78,1032.0,1.1,19.98,20260128
460930,현대힘스,32.02,569.0,2.61,4.49,20260128
030520,한글과컴퓨터,35.54,747.0,1.69,4.65,20260128
058650,세아홀딩스,24.66,6500.0,0.28,1.43,20260128
015750,성우하이텍,3.48,2300.0,0.39,6.24,20260128
456040,OCI,-,-5595.0,0.57,9.67,20260128
475960,토모큐브,-,-753.0,16.73,2.86,20260128
079370,제우스,49.4,414.0,1.88,4.76,20260128
044490,태웅,45.22,701.0,1.04,3.08,20260128
001570,금양,-,-1208.0,1.35,5.62,20260128
005880,대한해운,4.35,450.0,0.3,11.3,20260128
376270,HEM파마,-,-1639.0,33.68,1.74,20260128
389650,넥스트바이오메디컬,-,-15.0,13.34,3.97,20260128
006380,카프로,-,-258.0,10.37,0.08,20260128
272290,이녹스첨단소재,7.93,3908.0,1.41,7.74,20260128
005389,현대차3우B,6.57,39785.0,0.6,11.31,20260128
067630,HLB생명과학,-,-1470.0,2.2,6.88,20260128
356860,티엘비,45.17,1366.0,4.97,18.06,20260128
322000,HD현대에너지솔루션,19.69,2743.0,1.52,6.38,20260128
002030,아세아,14.22,20504.0,0.4,6.86,20260128
090460,비에이치,91.02,196.0,0.8,21.56,20260128
228760,지노믹트리,-,-360.0,5.12,0.93,20260128
119850,지엔씨에너지,14.76,2449.0,2.77,7.14,20260128
049630,재영솔루텍,140.83,36.0,6.43,3.78,20260128
089010,켐트로닉스,41.8,866.0,2.61,5.66,20260128
036620,감성코퍼레이션,19.58,332.0,5.06,14.0,20260128
017940,E1,9.01,9488.0,0.28,5.67,20260128
094170,동운아나텍,101.45,275.0,8.46,1.25,20260128
336370,솔루스첨단소재,-,-466.0,1.09,3.7,20260128
455900,엔젤로보틱스,-,-692.0,16.72,2.88,20260128
220100,퓨쳐켐,-,-189.0,11.41,6.93,20260128
002240,고려제강,11.09,1934.0,0.32,6.08,20260128
003545,대신증권우,8.83,2515.0,0.44,12.9,20260128
005810,풍산홀딩스,7.53,5262.0,0.48,14.97,20260128
002960,한국쉘석유,13.96,31330.0,4.43,59.33,20260128
478340,나라스페이스테크놀로지,-,-1193.0,22.42,0.43,20260128
105630,한세실업,17.03,828.0,0.77,5.44,20260128
117730,티로보틱스,-,-650.0,19.8,2.66,20260128
003030,세아제강지주,10.27,13177.0,0.27,6.57,20260128
083450,GST,13.12,2309.0,1.89,10.59,20260128
377740,바이오노트,4.74,1153.0,0.32,0.81,20260128
001500,현대차증권,9.32,967.0,0.34,3.56,20260128
069080,웹젠,19.14,841.0,0.69,27.45,20260128
192650,드림텍,-,-107.0,1.45,58.95,20260128
171090,선익시스템,15.72,3690.0,4.67,5.05,20260128
016380,KG스틸,3.73,1482.0,0.26,6.42,20260128
014830,유니드,7.82,10418.0,0.51,9.14,20260128
093050,LF,6.7,2806.0,0.31,13.19,20260128
252990,샘씨엔에스,71.53,131.0,3.47,6.93,20260128
059090,미코,17.78,919.0,4.46,14.55,20260128
484590,삼양컴텍,25.63,515.0,6.46,4.58,20260128
052020,에스티큐브,-,-312.0,6.91,3.91,20260128
094800,맵스리얼티,-,-,-,2.76,20260128
145720,덴티움,12.85,3804.0,0.75,13.97,20260128
006220,제주은행,37.04,385.0,0.83,0.57,20260128
271940,일진하이솔루스,-,-66.0,1.7,3.27,20260128
200710,에이디테크놀로지,-,-784.0,3.96,1.8,20260128
215600,신라젠,-,-169.0,4.49,6.42,20260128
025900,동화기업,-,-203.0,0.58,50.76,20260128
004690,삼천리,5.3,24604.0,0.27,12.2,20260128
053030,바이넥스,-,-236.0,2.75,5.21,20260128
105840,우진,43.01,608.0,2.67,6.4,20260128
368770,파이버프로,57.8,277.0,12.22,2.1,20260128
199800,툴젠,60.47,969.0,9.55,0.96,20260128
090435,아모레퍼시픽우,21.73,2289.0,0.64,45.8,20260128
045100,한양이엔지,10.18,2858.0,0.77,16.91,20260128
041960,코미팜,-,-36.0,7.04,4.6,20260128
284740,쿠쿠홈시스,4.56,5104.0,0.51,8.37,20260128
016610,DB증권,6.58,1868.0,0.45,8.98,20260128
039440,에스티아이,21.03,1598.0,1.86,0.51,20260128
170900,동아에스티,-,-55.0,0.78,20.21,20260128
058970,엠로,90.69,462.0,5.49,1.36,20260128
097520,엠씨넥스,7.69,3861.0,1.29,18.73,20260128
000400,롯데손해보험,9.66,172.0,0.87,1.25,20260128
194480,데브시스터즈,25.66,1631.0,2.59,7.22,20260128
017810,풀무원,18.58,709.0,1.66,1.13,20260128
050890,쏠리드,20.91,395.0,1.54,9.62,20260128
318060,그래피,-,-4269.0,22.41,7.02,20260128
453340,현대그린푸드,6.03,2522.0,0.68,14.87,20260128
389500,에스비비테크,-,-1273.0,64.3,1.81,20260128
033240,자화전자,28.78,794.0,1.15,11.16,20260128
145990,삼양사,4.69,10237.0,0.25,4.53,20260128
230360,에코마케팅,17.68,899.0,2.01,6.42,20260128
016800,퍼시스,13.93,3065.0,0.65,19.98,20260128
450950,아스테라시스,51.54,254.0,11.44,0.5,20260128
475400,씨메스,-,-1402.0,7.72,3.79,20260128
179900,유티아이,-,-2547.0,9.34,10.02,20260128
352480,씨앤씨인터내셔널,22.65,1587.0,1.72,2.64,20260128
104830,원익머트리얼즈,14.28,2711.0,0.96,15.12,20260128
034310,NICE,8.49,1563.0,0.6,10.37,20260128
009900,명신산업,4.92,1888.0,0.66,9.35,20260128
114190,강원에너지,-,-233.0,14.19,1.43,20260128
178920,PI첨단소재,16.92,975.0,1.38,8.53,20260128
029530,신도리코,11.05,4325.0,0.39,13.26,20260128
298830,슈어소프트테크,54.7,164.0,4.97,1.48,20260128
003300,한일홀딩스,10.65,1460.0,0.29,4.05,20260128
200670,휴메딕스,8.66,4923.0,1.65,10.18,20260128
215200,메가스터디교육,10.63,4347.0,0.97,29.34,20260128
091810,티웨이항공,-,-1516.0,9.9,0.41,20260128
009410,태영건설,-,-224.0,0.9,0.4,20260128
016590,신대양제지,15.08,786.0,0.58,2.44,20260128
000070,삼양홀딩스,12.95,4710.0,0.21,7.24,20260128
004700,조광피혁,37.16,1916.0,0.45,0.6,20260128
494120,큐리오시스,-,-1287.0,86.96,1.99,20260128
089890,코세스,36.43,781.0,6.32,0.0,20260128
394800,쓰리빌리언,-,-230.0,19.41,17.15,20260128
107640,한중엔시에스,31.46,1640.0,5.17,6.23,20260128
161000,애경케미칼,43.2,222.0,0.64,0.46,20260128
130660,한전산업,-,-82.0,4.34,1.29,20260128
026890,스틱인베스트먼트,696.88,16.0,1.66,30.28,20260128
425420,티에프이,43.93,881.0,4.79,2.42,20260128
079940,가비아,32.67,1053.0,2.62,40.8,20260128
183190,아세아시멘트,10.44,1194.0,0.41,5.96,20260128
464080,에스오에스랩,-,-941.0,14.86,2.0,20260128
348950,제이알글로벌리츠,-,-,-,11.11,20260128
099440,스맥,82.59,81.0,2.52,1.33,20260128
037270,YG PLUS,21.03,341.0,2.44,2.51,20260128
031330,에스에이엠티,9.05,504.0,1.0,7.89,20260128
078340,컴투스,-,-9512.0,0.44,10.29,20260128
448730,삼성FN리츠,-,-,-,0.12,20260128
015360,INVENI,6.41,12362.0,0.55,8.06,20260128
089590,제주항공,-,-1996.0,1.58,3.09,20260128
448900,한국피아이엠,653.98,113.0,7.9,2.19,20260128
002710,TCC스틸,58.21,290.0,1.78,5.66,20260128
357120,코람코라이프인프라리츠,-,-,-,1.41,20260128
099190,아이센스,637.6,25.0,1.37,26.23,20260128
053610,프로텍,12.46,3209.0,1.1,4.21,20260128
034950,한국기업평가,17.35,5586.0,3.52,80.94,20260128
010170,대한광통신,-,-453.0,6.31,2.57,20260128
005610,SPC삼립,13.53,3741.0,0.86,2.56,20260128
309710,아이티켐,29.37,1161.0,5.59,0.03,20260128
046890,서울반도체,-,-529.0,0.68,9.51,20260128
206650,유바이오로직스,8.85,1342.0,2.5,7.94,20260128
029460,케이씨,5.83,5610.0,0.42,9.15,20260128
006110,삼아알미늄,-,-1102.0,1.88,37.02,20260128
304360,에스바이오메딕스,-,-811.0,71.17,3.27,20260128
200130,콜마비앤에이치,26.17,559.0,1.04,3.06,20260128
344820,KCC글라스,-,-4359.0,0.31,7.6,20260128
122640,예스티,73.8,271.0,3.21,3.61,20260128
078350,한양디지텍,25.2,1111.0,2.5,4.13,20260128
092200,디아이씨,90.66,121.0,2.84,1.27,20260128
024850,HLB이노베이션,-,-210.0,1.99,0.06,20260128
041830,인바디,12.98,2419.0,1.37,39.0,20260128
060980,HL홀딩스,40.55,1127.0,0.4,12.36,20260128
027360,아주IB투자,93.78,37.0,1.58,0.71,20260128
005945,NH투자증권우,9.07,2452.0,0.91,10.23,20260128
000650,천일고속,-,-2393.0,36.87,0.4,20260128
462350,이노스페이스,-,-3802.0,12.89,1.52,20260128
031430,신세계인터내셔날,183.12,64.0,0.49,4.84,20260128
144510,지씨셀,-,-6215.0,0.92,4.48,20260128
101360,에코앤드림,27.05,854.0,1.82,0.96,20260128
065660,안트로젠,-,-193.0,4.56,6.05,20260128
033640,네패스,24.69,719.0,3.26,10.93,20260128
098070,한텍,10.25,3590.0,2.59,1.69,20260128
072710,농심홀딩스,3.86,22813.0,0.31,3.41,20260128
317330,덕산테코피아,-,-2013.0,2.47,1.0,20260128
101930,인화정공,41.99,1043.0,1.22,1.06,20260128
200880,서연이화,3.69,4051.0,0.35,6.47,20260128
094480,갤럭시아머니트리,88.79,116.0,3.39,1.88,20260128
138610,나이벡,125.89,282.0,8.85,3.35,20260128
459510,나우로보틱스,-,-440.0,21.8,2.34,20260128
340570,티앤엘,9.18,5384.0,2.0,13.13,20260128
003280,흥아해운,14.66,114.0,1.76,1.77,20260128
094360,칩스앤미디어,46.18,408.0,4.83,0.84,20260128
078130,국일제지,-,-6.0,3.23,0.32,20260128
101160,월덱스,13.35,1813.0,1.27,12.91,20260128
001530,DI동일,-,-526.0,0.8,6.68,20260128
403550,쏘카,-,-230.0,2.24,1.06,20260128
460860,동국제강,-,-106.0,0.23,25.52,20260128
011500,한농화성,68.7,369.0,2.31,1.23,20260128
091700,파트론,12.59,572.0,0.72,19.78,20260128
003000,부광약품,32.79,122.0,1.16,6.61,20260128
168360,펨트론,-,-303.0,18.42,5.41,20260128
001390,KG케미칼,5.21,1125.0,0.4,11.89,20260128
200470,에이팩트,-,-932.0,7.11,2.17,20260128
042520,한스바이오메드,-,-2317.0,10.64,8.98,20260128
014940,오리엔탈정공,16.23,530.0,3.2,1.74,20260128
095500,미래나노텍,19.61,643.0,1.25,3.25,20260128
314930,바이오다인,-,-3.0,9.05,3.66,20260128
338840,와이바이오로직스,-,-585.0,27.85,4.36,20260128
304100,솔트룩스,-,-915.0,5.57,1.64,20260128
114810,한솔아이원스,13.26,1022.0,1.81,9.38,20260128
000157,두산2우B,154.63,2797.0,4.51,2.33,20260128
006910,보성파워텍,18.49,425.0,3.64,10.41,20260128
199430,케이엔알시스템,-,-755.0,18.22,1.26,20260128
013030,하이록코리아,8.65,3784.0,0.88,30.41,20260128
020000,한섬,10.88,1571.0,0.26,17.07,20260128
027410,BGF,6.63,603.0,0.22,3.33,20260128
419530,SAMG엔터,10.01,3861.0,4.41,10.13,20260128
049070,인탑스,49.66,443.0,0.54,4.13,20260128
215000,골프존,9.92,6067.0,0.78,19.33,20260128
004310,현대약품,487.92,24.0,3.84,3.56,20260128
003800,에이스침대,5.87,5748.0,0.48,1.79,20260128
001200,유진투자증권,5.85,660.0,0.32,13.23,20260128
441270,파인엠텍,-,-363.0,2.56,6.52,20260128
035890,서희건설,3.18,510.0,0.29,4.91,20260128
0015G0,그린광학,690.22,46.0,9.57,0.73,20260128
354320,알멕,157.03,370.0,2.36,1.11,20260128
001940,KISCO홀딩스,-,-208.0,0.29,7.68,20260128
378340,필에너지,-,-350.0,2.87,1.76,20260128
033790,피노,-,-144.0,3.66,57.39,20260128
126720,수산인더스트리,10.13,2553.0,0.69,3.36,20260128
445090,에이직랜드,-,-2615.0,5.58,0.51,20260128
481070,에이유브랜즈,83.33,312.0,5.8,0.51,20260128
217590,티엠씨,31.86,479.0,4.02,0.89,20260128
110990,디아이티,10.14,1908.0,1.56,7.23,20260128
015860,일진홀딩스,9.06,815.0,0.7,6.75,20260128
474650,링크솔루션,-,-844.0,9.35,1.8,20260128
432320,KB스타리츠,-,-,-,0.3,20260128
084010,대한제강,12.81,822.0,0.37,4.9,20260128
475560,더본코리아,9.42,2591.0,1.48,0.51,20260128
272450,진에어,-,-120.0,1.51,1.97,20260128
417310,코람코더원리츠,-,-,-,1.57,20260128
077360,덕산하이메탈,36.36,217.0,1.14,4.12,20260128
452260,한화갤러리아,-,-180.0,0.46,1.84,20260128
064820,케이프,14.0,825.0,1.49,1.91,20260128
108860,셀바스AI,-,-285.0,3.01,1.79,20260128
064550,바이오니아,-,-348.0,1.68,9.53,20260128
126560,현대퓨처넷,42.8,75.0,0.48,0.71,20260128
011930,신성이엔지,-,-59.0,1.36,7.11,20260128
009155,삼성전기우,13.58,8913.0,1.0,22.3,20260128
104700,한국철강,-,-82.0,0.42,6.16,20260128
138490,코오롱ENP,8.03,1150.0,0.99,2.69,20260128
007690,국도화학,13.82,2736.0,0.38,19.52,20260128
003520,영진약품,-,-4.0,3.88,3.12,20260128
034120,SBS,7.49,2512.0,0.34,0.0,20260128
084690,대상홀딩스,15.46,623.0,0.46,4.71,20260128
403850,더핑크퐁컴퍼니,48.89,496.0,2.88,0.08,20260128
017860,DS단석,-,-679.0,1.28,3.4,20260128
008060,대덕,31.51,325.0,0.58,10.91,20260128
462860,더즌,28.6,168.0,4.79,1.13,20260128
024720,콜마홀딩스,7.43,1349.0,0.54,22.33,20260128
060720,KH바텍,15.06,963.0,1.17,9.58,20260128
216080,제테마,-,-122.0,5.41,3.45,20260128
294570,쿠콘,11.71,2887.0,2.07,2.6,20260128
156100,엘앤케이바이오,53.29,292.0,6.63,5.49,20260128
0007C0,아크릴,-,-1081.0,102.68,3.31,20260128
180400,DXVX,-,-1035.0,-,5.2,20260128
256840,한국비엔씨,24.46,202.0,1.43,2.12,20260128
099430,바이오플러스,20.84,263.0,1.98,1.58,20260128
190510,나무가,12.3,1956.0,2.02,9.95,20260128
236200,슈프리마,10.28,4515.0,1.25,23.12,20260128
306200,세아제강,3.91,30351.0,0.3,4.75,20260128
006405,삼성SDI우,-,-7300.0,0.76,14.72,20260128
270660,에브리봇,-,-323.0,5.16,0.0,20260128
448280,에코아이,486.52,23.0,2.67,2.15,20260128
025860,남해화학,9.29,718.0,0.57,3.54,20260128
037460,삼지전자,4.74,4283.0,0.68,5.91,20260128
332570,PS일렉트로닉스,31.95,236.0,3.03,4.19,20260128
416180,신성에스티,131.77,277.0,3.16,4.44,20260128
018250,애경산업,10.7,1167.0,0.78,2.01,20260128
203400,에이비온,-,-467.0,24.53,3.81,20260128
357550,석경에이티,74.54,809.0,7.66,1.09,20260128
452430,사피엔반도체,-,-519.0,25.99,5.72,20260128
003960,사조대림,6.0,5970.0,0.41,1.7,20260128
001820,삼화콘덴서,21.49,1466.0,1.19,9.13,20260128
243070,휴온스,9.15,2984.0,0.86,17.45,20260128
012030,DB,4.56,356.0,0.66,2.25,20260128
036200,유니셈,24.77,430.0,1.35,12.98,20260128
035810,이지홀딩스,10.2,496.0,0.45,6.37,20260128
194370,제이에스코퍼레이션,4.21,2669.0,0.67,3.86,20260128
950250,테라뷰,-,-285.0,-,0.0,20260128
484810,티엑스알로보틱스,-,-28.0,4.77,1.79,20260128
001510,SK증권,86.0,8.0,0.48,10.49,20260128
010690,화신,4.94,1883.0,0.59,5.09,20260128
009160,SIMPAC,27.53,180.0,0.44,2.04,20260128
136480,하림,22.56,135.0,0.98,5.7,20260128
394280,오픈엣지테크놀로지,-,-1308.0,9.59,5.49,20260128
017390,서울가스,10.74,5995.0,0.23,3.86,20260128
314130,지놈앤컴퍼니,-,-797.0,4.51,3.11,20260128
012860,모베이스전자,18.8,233.0,1.38,2.23,20260128
286940,롯데이노베이트,30.0,705.0,0.76,1.61,20260128
051500,CJ프레시웨이,5.59,4814.0,0.71,14.62,20260128
274090,켄코아에어로스페이스,-,-898.0,1.84,3.55,20260128
092230,KPX홀딩스,3.44,21856.0,0.28,28.42,20260128
451760,컨텍,-,-1741.0,3.89,0.89,20260128
002810,삼영무역,5.38,3175.0,0.51,17.95,20260128
265520,AP시스템,9.69,2161.0,0.91,15.07,20260128
234340,헥토파이낸셜,40.41,558.0,1.78,5.35,20260128
204620,글로벌텍스프리,13.64,328.0,2.41,18.02,20260128
308430,셀비온,-,-593.0,12.67,3.06,20260128
005090,SGC에너지,-,-1785.0,0.42,2.79,20260128
140670,알에스오토메이션,-,-625.0,10.06,7.53,20260128
482630,삼양엔씨켐,22.23,1289.0,2.72,0.72,20260128
0008Z0,에스엔시스,11.07,2980.0,1.86,7.35,20260128
041920,메디아나,48.52,345.0,2.33,2.72,20260128
035600,KG이니시스,6.13,1840.0,0.6,7.45,20260128
338220,뷰노,-,-439.0,11.2,3.62,20260128
123890,한국자산신탁,5.26,480.0,0.28,3.59,20260128
054950,제이브이엠,10.06,2541.0,1.34,16.31,20260128
033270,유나이티드제약,7.39,2558.0,0.65,7.17,20260128
002310,아세아제지,15.59,488.0,0.35,4.75,20260128
402030,코난테크놀로지,-,-724.0,24.05,0.48,20260128
206640,바디텍메드,11.27,1163.0,1.25,2.85,20260128
005720,넥센,3.46,1664.0,0.22,2.72,20260128
033530,SJG세종,4.61,2400.0,0.58,5.03,20260128
093520,매커스,13.18,1646.0,1.56,28.47,20260128
067080,대화제약,8245.0,2.0,4.2,0.55,20260128
389260,대명에너지,74.13,230.0,1.98,0.99,20260128
151860,KG에코솔루션,4.07,1576.0,0.19,4.56,20260128
051980,중앙첨단소재,-,-89.0,3.07,2.67,20260128
393890,더블유씨피,-,-4890.0,0.33,4.61,20260128
472850,폰드그룹,8.79,602.0,1.36,0.89,20260128
092730,네오팜,10.93,1734.0,1.57,20.75,20260128
023410,유진기업,15.21,258.0,0.26,5.57,20260128
086390,유니테스트,-,-1056.0,2.68,12.67,20260128
034830,한국토지신탁,-,-2.0,0.25,4.12,20260128
241590,화승엔터프라이즈,55.56,90.0,0.65,5.86,20260128
377190,디앤디플랫폼리츠,-,-,-,0.84,20260128
036890,진성티이씨,8.93,1529.0,0.96,11.5,20260128
088260,이리츠코크렙,-,-,-,0.79,20260128
058820,CMG제약,-,-68.0,1.47,6.56,20260128
092870,엑시콘,-,-206.0,1.67,4.83,20260128
007160,사조산업,14.68,4080.0,0.5,1.68,20260128
045390,대아티아이,15.16,280.0,2.02,5.74,20260128
025770,한국정보통신,8.7,917.0,0.85,63.11,20260128
900290,GRT,3.78,974.0,0.27,78.35,20260128
011760,현대코퍼레이션,3.93,5730.0,0.39,9.08,20260128
372170,윤성에프앤씨,305.74,122.0,1.67,1.5,20260128
900140,엘브이엠씨홀딩스,17.29,89.0,0.6,11.38,20260128
078020,LS증권,13.33,402.0,0.34,2.19,20260128
009290,광동제약,10.72,557.0,0.43,18.09,20260128
043150,바텍,5.99,3325.0,0.61,24.13,20260128
003200,일신방직,11.86,1084.0,0.3,9.81,20260128
002320,한진,-,-787.0,0.2,6.21,20260128
128820,대성산업,-,-196.0,0.41,1.54,20260128
092790,넥스틸,7.11,1590.0,0.63,1.27,20260128
006340,대원전선,26.8,142.0,2.5,3.59,20260128
334890,이지스밸류플러스리츠,-,-,-,2.06,20260128
009470,삼화전기,32.97,1336.0,3.16,25.72,20260128
003920,남양유업,17.17,2802.0,0.62,5.84,20260128
418550,제이오,-,-427.0,1.54,2.55,20260128
009680,모토닉,10.04,1021.0,0.47,8.04,20260128
170920,엘티씨,28.57,952.0,2.26,5.22,20260128
002900,TYM,7.68,900.0,0.66,19.35,20260128
115450,HLB테라퓨틱스,-,-95.0,1.94,5.95,20260128
211270,AP위성,-,-15.0,2.66,0.18,20260128
003120,일성아이에스,122.57,175.0,0.39,0.26,20260128
000490,대동,-,-192.0,0.47,5.86,20260128
018310,삼목에스폼,9.34,2076.0,0.42,2.51,20260128
300080,플리토,47.29,365.0,17.07,6.76,20260128
080580,오킨스전자,329.29,42.0,6.22,14.64,20260128
065680,우주일렉트로,12.35,2485.0,0.96,9.8,20260128
000320,노루홀딩스,8.61,2468.0,0.46,3.31,20260128
096760,JW홀딩스,6.53,584.0,1.06,2.75,20260128
053300,한국정보인증,16.94,392.0,1.31,2.64,20260128
002230,피에스텍,27.29,535.0,1.84,5.29,20260128
255220,SG,-,-101.0,2.41,3.53,20260128
473980,노머스,24.85,1022.0,2.73,2.43,20260128
382900,범한퓨얼셀,-,-33.0,1.66,4.89,20260128
010580,에스엠벡셀,125.0,20.0,4.03,0.53,20260128
092460,한라IMS,11.94,1361.0,1.44,1.83,20260128
013890,지누스,7.62,1632.0,0.41,9.52,20260128
000680,LS네트웍스,-,-278.0,0.5,1.34,20260128
02826K,삼성물산우B,15.41,12227.0,0.74,31.09,20260128
484120,도우인시스,14.15,1781.0,1.71,0.56,20260128
101170,우림피티에스,-,-551.0,3.28,1.66,20260128
042370,비츠로테크,41.67,252.0,1.17,5.79,20260128
004360,세방,5.6,2563.0,0.26,11.13,20260128
082800,비보존 제약,-,-540.0,3.07,0.83,20260128
032940,원익,9.23,1620.0,0.96,4.59,20260128
267980,매일유업,5.53,6398.0,0.43,13.26,20260128
034810,해성산업,-,-82.0,0.34,2.38,20260128
013120,동원개발,31.65,94.0,0.25,3.22,20260128
051370,인터플렉스,6.61,1753.0,0.93,7.99,20260128
061090,세나테크놀로지,12.61,3822.0,1.68,0.84,20260128
084990,헬릭스미스,-,-114.0,1.93,3.13,20260128
0030R0,대신밸류리츠,-,-,-,0.31,20260128
001340,PKC,43.97,136.0,1.21,3.11,20260128
078520,에이블씨엔씨,24.07,428.0,2.99,11.13,20260128
065710,서호전기,13.47,3860.0,2.72,3.17,20260128
327260,RF머트리얼즈,3968.75,8.0,5.82,4.59,20260128
950170,JTC,3.88,1331.0,1.42,7.38,20260128
144960,뉴파워프라즈마,11.3,540.0,0.87,6.61,20260128
194700,노바렉스,7.37,1925.0,1.04,14.52,20260128
054210,이랜텍,9.73,1071.0,1.06,8.29,20260128
000430,대원강업,25.15,169.0,0.5,3.42,20260128
089980,상아프론테크,21.38,770.0,1.29,4.65,20260128
182400,엔케이맥스,-,-47.0,40.94,0.0,20260128
114840,아이패밀리에스씨,12.26,1237.0,2.45,8.22,20260128
299030,하나기술,-,-1354.0,2.85,1.92,20260128
122900,아이마켓코리아,10.4,752.0,0.66,5.54,20260128
003220,대원제약,-,-715.0,0.97,13.56,20260128
108380,대양전기공업,9.49,2867.0,0.96,4.12,20260128
452450,피아이이,-,-211.0,3.91,1.22,20260128
005710,대원산업,2.32,5602.0,0.45,13.89,20260128
019210,와이지-원,14.98,516.0,0.71,21.57,20260128
001460,BYC,17.98,2300.0,0.61,4.6,20260128
005500,삼진제약,12.18,1589.0,0.9,2.9,20260128
389020,자람테크놀로지,-,-751.0,6.86,2.13,20260128
176750,듀켐바이오,32.91,275.0,5.55,0.89,20260128
108670,LX하우시스,-,-435.0,0.33,11.3,20260128
035150,백산,5.86,2132.0,1.01,5.52,20260128
121800,비덴트,2.84,1168.0,0.38,1.5,20260128
285490,노바텍,14.2,1704.0,1.47,1.83,20260128
214180,헥토이노베이션,8.97,2196.0,1.12,12.98,20260128
136490,선진,3.66,2937.0,0.47,6.64,20260128
058430,포스코스틸리온,9.37,4548.0,0.66,2.51,20260128
457550,우진엔텍,49.73,551.0,5.14,0.41,20260128
322310,오로스테크놀로지,129.52,210.0,4.04,0.21,20260128
001750,한양증권,4.83,4139.0,0.47,13.28,20260128
023760,한국캐피탈,2.73,295.0,0.35,0.7,20260128
126700,하이비젼시스템,-,-115.0,0.85,18.03,20260128
380550,뉴로핏,-,-1696.0,14.17,0.75,20260128
033920,무학,4.91,1814.0,0.39,1.96,20260128
377460,위니아에이드,-,-1430.0,4.75,0.02,20260128
007460,에이프로젠,-,-164.0,1.48,7.9,20260128
035510,신세계 I&C,5.9,3054.0,0.54,6.42,20260128
217270,넵튠,-,-1328.0,0.67,1.59,20260128
126600,BGF에코머티리얼즈,15.38,260.0,0.61,1.07,20260128
226320,잇츠한불,15.29,746.0,0.52,0.86,20260128
041020,폴라리스오피스,46.15,109.0,2.85,3.36,20260128
005950,이수화학,-,-1470.0,2.39,2.05,20260128
001790,대한제당,4.64,600.0,0.43,4.11,20260128
061970,LB세미콘,-,-538.0,0.76,31.86,20260128
001630,종근당홀딩스,7.19,6931.0,0.39,3.38,20260128
0015S0,페스카로,-,-1008.0,5.39,1.44,20260128
067390,아스트,-,-7.0,0.8,2.43,20260128
007570,일양약품,15.54,840.0,0.98,6.54,20260128
488280,에스투더블유,-,-2054.0,10.57,3.41,20260128
043370,피에이치에이,5.07,2334.0,0.28,13.75,20260128
254490,미래반도체,24.54,700.0,2.61,1.84,20260128
179290,엠아이텍,13.2,579.0,2.05,5.98,20260128
037710,광주신세계,6.01,5168.0,0.28,5.37,20260128
244920,에이플러스에셋,12.36,882.0,1.53,10.31,20260128
008490,서흥,6.24,3412.0,0.49,7.36,20260128
118990,모트렉스,14.28,692.0,0.93,2.6,20260128
293780,압타바이오,-,-756.0,5.27,3.17,20260128
371950,풍원정밀,-,-800.0,11.76,0.82,20260128
086890,이수앱지스,7.96,759.0,1.99,3.61,20260128
264850,이랜시스,58.13,139.0,4.67,1.18,20260128
241770,메카로,15.72,1527.0,1.17,2.02,20260128
012210,삼미금속,63.64,173.0,2.95,0.72,20260128
474170,루미르,-,-75.0,4.01,1.38,20260128
018000,유니슨,-,-109.0,2.31,3.08,20260128
496320,본시스템즈,-,-,-,-,20260128
051905,LG생활건강우,30.96,3734.0,0.34,43.17,20260128
000050,경방,5.56,1591.0,0.28,1.69,20260128
007860,서연,2.4,4308.0,0.26,5.67,20260128
054450,텔레칩스,-,-1177.0,1.24,0.06,20260128
004980,성신양회,13.25,745.0,0.43,5.12,20260128
051360,토비스,5.14,3126.0,0.9,15.82,20260128
487570,HS효성,19.51,3327.0,0.44,6.2,20260128
001130,대한제분,3.98,35909.0,0.22,6.98,20260128
234030,싸이닉솔루션,36.9,277.0,6.78,0.72,20260128
112290,와이씨켐,-,-510.0,5.34,2.92,20260128
083310,엘오티베큠,-,-376.0,0.87,10.61,20260128
323990,박셀바이오,-,-537.0,3.67,8.08,20260128
237880,클리오,18.9,702.0,0.97,1.55,20260128
439090,마녀공장,21.8,671.0,1.99,1.16,20260128
094820,일진파워,24.25,650.0,1.68,1.23,20260128
243840,신흥에스이씨,-,-97.0,0.81,4.41,20260128
036800,나이스정보통신,5.25,4512.0,0.55,25.07,20260128
012200,계양전기,-,-2074.0,4.96,0.01,20260128
353810,이지바이오,10.92,655.0,2.5,6.6,20260128
950140,잉글우드랩,9.41,1264.0,1.53,13.08,20260128
036030,케이티알파,5.73,840.0,0.79,1.83,20260128
033160,엠케이전자,-,-527.0,0.55,5.07,20260128
210980,SK디앤디,3.76,3366.0,0.39,1.23,20260128
095700,제넥신,-,-836.0,0.9,5.75,20260128
005010,휴스틸,8.07,515.0,0.21,2.92,20260128
334970,프레스티지바이오로직스,-,-437.0,1.91,41.24,20260128
100120,뷰웍스,12.03,2069.0,0.94,30.07,20260128
235980,메드팩토,-,-426.0,4.81,5.59,20260128
088800,에이스테크,-,-484.0,3.01,0.08,20260128
030210,다올투자증권,20.85,183.0,0.4,5.66,20260128
001230,동국홀딩스,-,-502.0,0.13,11.18,20260128
000540,흥국화재,3.46,1042.0,0.27,1.97,20260128
028100,동아지질,14.85,1165.0,0.98,5.96,20260128
115310,인포바인,34.91,2077.0,1.14,8.69,20260128
053210,스카이라이프,-,-2472.0,0.41,6.98,20260128
469610,이노테크,28.22,923.0,5.01,0.88,20260128
084850,아이티엠반도체,-,-518.0,1.29,2.48,20260128
456010,아이씨티케이,-,-706.0,6.44,3.98,20260128
404990,신한서부티엔디리츠,-,-,-,0.53,20260128
102120,어보브반도체,20.27,638.0,1.73,4.22,20260128
260870,SK시그넷,-,-,-,-,20260128
079960,동양이엔피,3.17,9202.0,0.52,7.19,20260128
039840,디오,38.67,412.0,1.09,13.94,20260128
272110,케이엔제이,13.44,2121.0,2.57,6.28,20260128
199820,제일일렉트릭,21.22,483.0,1.44,1.0,20260128
042420,네오위즈홀딩스,8.97,3032.0,0.48,3.99,20260128
064290,인텍플러스,-,-867.0,5.9,0.56,20260128
290740,액트로,100.67,224.0,3.01,1.12,20260128
003070,코오롱글로벌,2.25,3966.0,0.31,0.71,20260128
084680,이월드,-,-159.0,1.0,1.55,20260128
330860,네패스아크,-,-723.0,1.37,4.3,20260128
215100,로보로보,-,-36.0,7.4,3.49,20260128
003350,한국화장품제조,8.07,6169.0,1.86,1.52,20260128
017890,한국알콜,6.95,1512.0,0.4,5.47,20260128
047560,이스트소프트,-,-914.0,3.36,1.43,20260128
073490,이노와이어리스,-,-460.0,1.41,4.15,20260128
476040,오가노이드사이언스,-,-2134.0,7.68,2.13,20260128
219130,타이거일렉,67.82,519.0,3.95,7.66,20260128
361390,제노코,-,-236.0,4.32,18.71,20260128
000480,CR홀딩스,-,-434.0,0.34,0.9,20260128
000140,하이트진로홀딩스,5.31,1798.0,0.35,7.69,20260128
241520,DSC인베스트먼트,26.76,306.0,1.84,4.97,20260128
047310,파워로직스,14.15,427.0,1.07,2.11,20260128
117580,대성에너지,8.14,988.0,0.64,0.08,20260128
282880,코윈테크,61.73,312.0,1.27,3.02,20260128
003610,방림,33.48,164.0,0.98,0.01,20260128
001080,만호제강,-,-123.0,0.92,0.68,20260128
123410,코리아에프티,4.71,1673.0,0.88,49.28,20260128
005680,삼영전자,19.19,571.0,0.38,37.98,20260128
068930,디지털대성,10.65,744.0,1.45,3.42,20260128
356680,엑스게이트,116.21,66.0,5.31,1.31,20260128
004430,송원산업,10.21,893.0,0.29,15.11,20260128
006805,미래에셋증권우,8.92,1743.0,0.71,9.4,20260128
011785,금호석유화학우,6.16,11743.0,0.3,19.29,20260128
271980,제일약품,11.09,1336.0,1.06,2.61,20260128
339770,교촌에프앤비,13.23,328.0,1.14,1.75,20260128
107600,새빗켐,-,-1766.0,3.9,0.94,20260128
102460,이연제약,-,-766.0,0.92,1.06,20260128
000860,강남제비스코,36.59,455.0,0.35,6.37,20260128
083930,아바코,6.86,2149.0,1.0,12.08,20260128
048870,시너지이노베이션,18.6,132.0,1.03,13.54,20260128
001780,알루코,18.39,121.0,0.68,2.3,20260128
134380,미원화학,8.49,11526.0,1.13,0.37,20260128
003555,LG우,16.15,4426.0,0.4,43.19,20260128
036560,KZ정밀,19.33,706.0,0.47,4.88,20260128
095570,AJ네트웍스,8.29,571.0,0.47,3.95,20260128
232680,라온로보틱스,56.55,290.0,5.79,0.74,20260128
010820,퍼스텍,14.44,302.0,3.0,7.86,20260128
214420,토니모리,11.42,774.0,1.83,2.67,20260128
260970,에스앤디,10.58,6947.0,2.66,2.55,20260128
000520,삼일제약,-,-1248.0,1.45,3.07,20260128
